"book","lesson","audio_1","text_4","text_2","text_3","text_1"
"1","1","1001歡迎你來臺灣！.mp3","歡迎你來臺灣！","Welcome to Taiwan!","huānyíng nǐ lái táiwān","歡迎你來臺灣！"
"1","1","1002明華：請問你是陳月美小姐嗎？.mp3","請問你是陳月美小姐嗎？","Excuse me, are you Miss Chen Yuemei?","Qǐngwèn nǐ shì Chén Yuèměi xiǎojiě ma?","請問你是陳月美小姐嗎？"
"1","1","1003月美：是的。謝謝你來接我們。.mp3","是的。謝謝你來接我們。","Yes. Thank you for coming to pick us up.","Shìde. Xièxie nǐ lái jiē wǒmen.","是的。謝謝你來接我們。"
"1","1","1004明華：不客氣。我是李明華。.mp3","不客氣。我是李明華。","You're welcome. My name is Minghua Li.","Búkèqì. Wǒ shì Lǐ Mínghuá.","不客氣。我是李明華。"
"1","1","1005月美：這是王先生。.mp3","這是王先生。","This is Mr. Wang.","Zhè shì Wáng Xiānshēng.","這是王先生。"
"1","1","1006開文：你好。我姓王，叫開文。.mp3","你好。我姓王，叫開文。","Hi, My surname is Wang. My first name is Kaiwen.","Nǐ hǎo. Wǒ Xìng Wáng, jiào Kāiwén.","你好。我姓王，叫開文。"
"1","1","1007明華：你們好。歡迎你們來臺灣。.mp3","你們好。歡迎你們來臺灣。","how are you. Welcome to Taiwan.","Nǐmen hǎo. Huānyíng nǐmen lái Táiwān.","你們好。歡迎你們來臺灣。"
"1","1","1008明華：請喝茶。.mp3","請喝茶。","Please have some tea.","Qǐng hē chá.","請喝茶。"
"1","1","1009開文：謝謝。很好喝。請問這是什麼茶？.mp3","謝謝。很好喝。請問這是什麼茶？","Thank you. This tastes good. May I ask what kind of tea this is?","Xièxie. Hěn hǎohē. Qǐngwèn zhè shì shénme chá?","謝謝。很好喝。請問這是什麼茶？"
"1","1","1010明華：這是烏龍茶。臺灣人喜歡喝茶。開文，你們日本人呢？.mp3","這是烏龍茶。臺灣人喜歡喝茶。開文，你們日本人呢？","This is Oolong Tea. Taiwanese like to drink tea. Kaiwen, how about you Japanese people?","Zhè shì Wūlóng chá. Táiwān rén xǐhuān hē chá. Kāiwén, nǐmen Rìběn rén ne?","這是烏龍茶。臺灣人喜歡喝茶。開文，你們日本人呢？"
"1","1","1011月美：他不是日本人。.mp3","他不是日本人。","He is not Japanese.","Tā bú shì Rìběn rén.","他不是日本人。"
"1","1","1012明華：對不起，你是哪國人？.mp3","對不起，你是哪國人？","I am sorry. Where are you from?","Duìbùqǐ, nǐ shì nǎ guó rén?","對不起，你是哪國人？"
"1","1","1013開文：我是美國人。.mp3","我是美國人。","I am American.","Wǒ shì Měiguó rén.","我是美國人。"
"1","1","1014明華：開文，你要不要喝咖啡？.mp3","開文，你要不要喝咖啡？","Kaiwen, would you like to drink coffee?","Kāiwén, nǐ yào bú yào hē kāfēi?","開文，你要不要喝咖啡？"
"1","1","1015開文：謝謝！我不喝咖啡，我喜歡喝茶。.mp3","謝謝！我不喝咖啡，我喜歡喝茶。","Thank you. I don't drink coffee. I like to drink tea.","Xièxie! Wǒ bù hē kāfēi, wǒ xǐhuān hē chá.","謝謝！我不喝咖啡，我喜歡喝茶。"
"1","2","1016我的家人.mp3","我的家人","My Family","wǒde jiārén","我的家人"
"1","2","1017怡君：這是我家。請進！.mp3","這是我家。請進！","This is mine house. Please come in!","Zhè shì wǒ jiā. Qǐng jìn!","這是我家。請進！"
"1","2","1018安同：很漂亮的房子！.mp3","很漂亮的房子！","This is a pretty house.","Hěn piàoliàng de fángzi!","很漂亮的房子！"
"1","2","1019怡君：請坐！要不要喝茶？.mp3","請坐！要不要喝茶？","Please have a seat. Would you like some tea?","Qǐng zuò! Yào bú yào hē chá?","請坐！要不要喝茶？"
"1","2","1020安同：好，謝謝你。你家有很多照片。.mp3","好，謝謝你。你家有很多照片。","Yes, thank you. You have a lot of pictures in your house.","Hǎo, xièxie nǐ. Nǐ jiā yǒu hěn duō zhàopiàn.","好，謝謝你。你家有很多照片。"
"1","2","1021怡君：我家人都很喜歡照相。.mp3","我家人都很喜歡照相。","The people in my family like to take pictures.","Wǒ jiārén dōu hěn xǐhuān zhàoxiàng.","我家人都很喜歡照相。"
"1","2","1022安同：這張照片很好看。這是誰？你姐姐嗎？.mp3","這張照片很好看。這是誰？你姐姐嗎？","This is a nice picture. Who is this? Your older sister?","Zhè zhāng zhàopiàn hěn hǎokàn. Zhè shì shéi? Nǐ jiějie ma?","這張照片很好看。這是誰？你姐姐嗎？"
"1","2","1023怡君：不是，是我妹妹。這是我爸爸、媽媽。.mp3","不是，是我妹妹。這是我爸爸、媽媽。","No, that is my younger sister. Those are my dad and mom.","Bú shì, shì wǒ mèimei. Zhè shì wǒ bàba, māma.","不是，是我妹妹。這是我爸爸、媽媽。"
"1","2","1024安同：你家人都很好看。.mp3","你家人都很好看。","The people in your family are very good-looking.","Nǐ jiārén dōu hěn hǎokàn.","你家人都很好看。"
"1","2","1025明華：田中，歡迎！歡迎！請進。.mp3","田中，歡迎！歡迎！請進。","Tianzhong, welcome, welcome. Please come in.","Tiánzhōng, huānyíng! Huānyíng! Qǐng jìn.","田中，歡迎！歡迎！請進。"
"1","2","1026田中：謝謝。.mp3","謝謝。","Thank you!","Xièxie.","謝謝。"
"1","2","1027明華：田中，這是我媽媽。.mp3","田中，這是我媽媽。","Tianzhong, this is my mom.","Tiánzhōng, zhè shì wǒ māma.","田中，這是我媽媽。"
"1","2","1028田中：伯母，您好。.mp3","伯母，您好。","Mrs. Li (literary 'Auntie'), how are you?","Bómǔ, nín hǎo.","伯母，您好。"
"1","2","1029明華的媽媽：你好，你好。來！來！來！請坐。你叫什麼名字？.mp3","你好，你好。來！來！來！請坐。你叫什麼名字？","Hello. Come in. Come. Please have a seat. What's your name?","Nǐ hǎo, nǐ hǎo. Lái! Lái! Lái! Qǐng zuò. Nǐ jiào shénme míngzi?","你好，你好。來！來！來！請坐。你叫什麼名字？"
"1","2","1030田中：我叫誠一。你們家有很多書。.mp3","我叫誠一。你們家有很多書。","My name is Chengyi. You have a lot of books.","Wǒ jiào Chéngyī. Nǐmen jiā yǒu hěn duō shū.","我叫誠一。你們家有很多書。"
"1","2","1031明華：都是我哥哥的書。他是老師，他很喜歡看書。.mp3","都是我哥哥的書。他是老師，他很喜歡看書。","They are all mine brother's books. He is a teacher. He likes to read.","Dōu shì wǒ gēge de shū. Tā shì lǎoshī, tā hěn xǐhuān kànshū.","都是我哥哥的書。他是老師，他很喜歡看書。"
"1","2","1032明華的媽媽：誠一，你家有幾個人？你有沒有兄弟姐妹？.mp3","誠一，你家有幾個人？你有沒有兄弟姐妹？","Chengyi, how many people are there in your family? Do you have any brother's or sisters?","Chéngyī, nǐ jiā yǒu jǐ ge rén? Nǐ yǒu méi yǒu xiōngdì jiěmèi?","誠一，你家有幾個人？你有沒有兄弟姐妹？"
"1","2","1033田中：我家有五個人，我有兩個妹妹。.mp3","我家有五個人，我有兩個妹妹。","There are five people in my family. I have two younger sisters.","Wǒ jiā yǒu wǔ ge rén, wǒ yǒu liǎng ge mèimei.","我家有五個人，我有兩個妹妹。"
"1","3","1034週末做什麼？.mp3","週末做什麼？","What Are You Doing Over the Weekend?","zhōumò zuò shénme","週末做什麼？"
"1","3","1035安同：田中，你喜歡聽音樂嗎？.mp3","田中，你喜歡聽音樂嗎？","Tianzhong, do you like listening to music?","Tiánzhōng, nǐ xǐhuān tīng yīnyuè ma?","田中，你喜歡聽音樂嗎？"
"1","3","1036田中：我不喜歡聽音樂。我喜歡運動。.mp3","我不喜歡聽音樂。我喜歡運動。","I don't like listening to music. I like to exercise.","Wǒ bù xǐhuān tīng yīnyuè. Wǒ xǐhuān yùndòng.","我不喜歡聽音樂。我喜歡運動。"
"1","3","1037安同：你喜歡打網球嗎？.mp3","你喜歡打網球嗎？","Do you like to play tennis?","Nǐ xǐhuān dǎ wǎngqiú ma?","你喜歡打網球嗎？"
"1","3","1038田中：我不喜歡打網球。.mp3","我不喜歡打網球。","I don't like to play tennis.","Wǒ bù xǐhuān dǎ wǎngqiú.","我不喜歡打網球。"
"1","3","1039安同：你喜歡做什麼？.mp3","你喜歡做什麼？","What do you like to do?","Nǐ xǐhuān zuò shénme?","你喜歡做什麼？"
"1","3","1040田中：打棒球和游泳，你呢？.mp3","打棒球和游泳，你呢？","Play baseball and swim. And you?","Dǎ bàngqiú hàn yóuyǒng, nǐ ne?","打棒球和游泳，你呢？"
"1","3","1041安同：我常打籃球，也常踢足球。.mp3","我常打籃球，也常踢足球。","I often play basketball and also often play soccer.","Wǒ cháng dǎ lánqiú, yě cháng tī zúqiú.","我常打籃球，也常踢足球。"
"1","3","1042田中：我覺得踢足球很好玩。.mp3","我覺得踢足球很好玩。","I think soccer is fun.","Wǒ juéde tī zúqiú hěn hǎowán.","我覺得踢足球很好玩。"
"1","3","1043安同：明天是週末，我們早上去踢足球，怎麼樣？.mp3","明天是週末，我們早上去踢足球，怎麼樣？","The weekend is tomorrow. How about we go play soccer tomorrow morning?","Míngtiān shì zhōumò, Wǒmen zǎoshàng qù tī zúqiú, zěnmeyàng?","明天是週末，我們早上去踢足球，怎麼樣？"
"1","3","1044田中：好啊！.mp3","好啊！","Great!","Hǎo a!","好啊！"
"1","3","1045如玉：今天晚上我們去看電影，好不好？.mp3","今天晚上我們去看電影，好不好？","Let's go see a movie tonight, OK?","Jīntiān wǎnshàng wǒmen qù kàn diànyǐng, hǎo bù hǎo?","今天晚上我們去看電影，好不好？"
"1","3","1046月美：好啊！.mp3","好啊！","Sure.","Hǎo a!","好啊！"
"1","3","1047如玉：妳想看美國電影還是臺灣電影？.mp3","妳想看美國電影還是臺灣電影？","Do (f) you want to see an American movie or a Taiwanese movie?","Nǎi xiǎng kàn Měiguó diànyǐng háishì Táiwān diànyǐng?","妳想看美國電影還是臺灣電影？"
"1","3","1048月美：美國電影、臺灣電影，我都想看。.mp3","美國電影、臺灣電影，我都想看。","Either an American movie or a Taiwanese movie is fine with me.","Měiguó diànyǐng, Táiwān diànyǐng, wǒ dōu xiǎng kàn.","美國電影、臺灣電影，我都想看。"
"1","3","1049如玉：我們看臺灣電影吧！.mp3","我們看臺灣電影吧！","Let's go ahead and see a Taiwanese movie.","Wǒmen kàn Táiwān diànyǐng ba!","我們看臺灣電影吧！"
"1","3","1050月美：好啊！看電影可以學中文。.mp3","好啊！看電影可以學中文。","That's fine. Watching movies, I can learn Chinese.","Hǎo a! Kàn diànyǐng kěyǐ xué Zhōngwén.","好啊！看電影可以學中文。"
"1","3","1051如玉：晚上要不要一起吃晚飯？.mp3","晚上要不要一起吃晚飯？","Would you like to have dinner together tonight?","Wǎnshàng yào bú yào yìqǐ chī wǎnfàn?","晚上要不要一起吃晚飯？"
"1","3","1052月美：好，我們去吃越南菜。.mp3","好，我們去吃越南菜。","Okay. Let's go have Vietnamese food.","Hǎo, wǒmen qù chī Yuènán cài.","好，我們去吃越南菜。"
"1","4","1053請問一共多少錢？.mp3","請問一共多少錢？","Excuse Me. How Much Does That Cost in Total?","qǐngwèn yīgòng duōshaoqián","請問一共多少錢？"
"1","4","1054老闆：請問你要買什麼？.mp3","請問你要買什麼？","Excuse me, what would you like (to order)?","Qǐngwèn nǐ yào mǎi shénme?","請問你要買什麼？"
"1","4","1055月華：一杯熱咖啡。兩個包子。.mp3","一杯熱咖啡。兩個包子。","A cup of hot coffee and two Baozi.","Yì bēi rè kāfēi. Liǎng ge bāozi.","一杯熱咖啡。兩個包子。"
"1","4","1056老闆：你要大杯、中杯還是小杯？.mp3","你要大杯、中杯還是小杯？","Would you like a large, medium or small cup?","Nǐ yào dà bēi, zhōng bēi háishì xiǎo bēi?","你要大杯、中杯還是小杯？"
"1","4","1057月華：大杯。包子請幫我微波。.mp3","大杯。包子請幫我微波。","Large. Please microwave the Baozi for me.","Dà bēi. Bāozi qǐng bāng wǒ wéibō.","大杯。包子請幫我微波。"
"1","4","1058老闆：好的。請問外帶還是內用？.mp3","好的。請問外帶還是內用？","OK. Excuse me. Is this to go or for here?","Hǎode. Qǐngwèn wàidài háishì nèiyòng?","好的。請問外帶還是內用？"
"1","4","1059月華：外帶，一共多少錢？.mp3","外帶，一共多少錢？","To go. How much does that cost altogether?","Wàidài, yígòng duōshǎo qián?","外帶，一共多少錢？"
"1","4","1060老闆：咖啡八十，包子四十，一共一百二十塊。.mp3","咖啡八十，包子四十，一共一百二十塊。","80 for the coffee, 40 for the Baozi. That will be 120 in total.","Kāfēi bāshí, bāozi sìshí, yígòng yìbǎi èrshí kuài.","咖啡八十，包子四十，一共一百二十塊。"
"1","4","1061月美：我想買一支新手機。.mp3","我想買一支新手機。","I want to buy a new cell phone.","Wǒ xiǎng mǎi yì zhī xīn shǒujī.","我想買一支新手機。"
"1","4","1062明華：妳的手機很好。為什麼要買新的？.mp3","妳的手機很好。為什麼要買新的？","(f) Your cell phone is fine. Why do you want to buy a new one?","Nǐ de shǒujī hěn hǎo. Wèishénme yào mǎi xīn de?","妳的手機很好。為什麼要買新的？"
"1","4","1063月美：我這支手機太舊了，不好看。.mp3","我這支手機太舊了，不好看。","This one of mine is too old. It is unattractive.","Wǒ zhè zhī shǒujī tài jiù le, bù hǎokàn.","我這支手機太舊了，不好看。"
"1","4","1064明華：妳想買哪種手機？.mp3","妳想買哪種手機？","What kind of cell phone do (f) you want to buy?","Nǐ xiǎng mǎi nǎ zhǒng shǒujī?","妳想買哪種手機？"
"1","4","1065月美：能照相也能上網。.mp3","能照相也能上網。","One that can take photos and go online.","Néng zhàoxiàng yě néng shàngwǎng.","能照相也能上網。"
"1","4","1066明華：那種手機很好，我哥哥有一支。.mp3","那種手機很好，我哥哥有一支。","Those kinds of cell phones are good. My brother has one.","Nà zhǒng shǒujī hěn hǎo, wǒ gēge yǒu yì zhī.","那種手機很好，我哥哥有一支。"
"1","4","1067月美：貴不貴？一支賣多少錢？.mp3","貴不貴？一支賣多少錢？","Are they expensive? How much does one cost?","Guì bú guì? Yì zhī mài duōshǎo qián?","貴不貴？一支賣多少錢？"
"1","4","1068明華：那種手機不便宜。一支要一萬五千多。.mp3","那種手機不便宜。一支要一萬五千多。","That kind of cell phone is not cheap. One costs over NTD 15,000.","Nà zhǒng shǒujī bù piányí. Yì zhī yào yíwàn wǔqiān duō.","那種手機不便宜。一支要一萬五千多。"
"1","5","1069牛肉麵真好吃.mp3","牛肉麵真好吃","Beef Noodles Are Really Delicious","niúròumiàn zhēn hǎo chī","牛肉麵真好吃"
"1","5","1070月美：很多人都說臺灣有不少有名的小吃。.mp3","很多人都說臺灣有不少有名的小吃。","Many people say Taiwan has quite a few well-known snacks.","Hěn duō rén dōu shuō Táiwān yǒu bù shǎo yǒumíng de xiǎochī.","很多人都說臺灣有不少有名的小吃。"
"1","5","1071明華：是啊！牛肉麵、小籠包、臭豆腐...都很好吃。.mp3","是啊！牛肉麵、小籠包、臭豆腐...都很好吃。","That's right. Beef noodles, xiaolongbao, stinky tofu... are all tasty.","Shì a. Niúròu miàn, xiǎolóngbāo, chòu dòufǔ... dōu hěn hǎochī.","是啊！牛肉麵、小籠包、臭豆腐...都很好吃。"
"1","5","1072月美：你最喜歡吃什麼？.mp3","你最喜歡吃什麼？","What do you like to eat most?","Nǐ zuì xǐhuān chī shénme?","你最喜歡吃什麼？"
"1","5","1073明華：牛肉麵。牛肉好吃，湯也好喝。.mp3","牛肉麵。牛肉好吃，湯也好喝。","Beef noodles. The beef tastes good and the soup is nice.","Niúròu miàn. Niúròu hǎochī, tāng yě hǎohē.","牛肉麵。牛肉好吃，湯也好喝。"
"1","5","1074月美：這麼好吃，我很想吃。.mp3","這麼好吃，我很想吃。","(That) so tasty. I would like to have some.","Zhème hǎochī, wǒ hěn xiǎng chī.","這麼好吃，我很想吃。"
"1","5","1075明華：我知道一家有名的牛肉麵店，我們一起去吃，怎麼樣？.mp3","我知道一家有名的牛肉麵店，我們一起去吃，怎麼樣？","I know a place that is well known for its beef noodles. Let's go together and have some. What do you say?","Wǒ zhīdào yì jiā yǒumíng de niúròu miàn diàn, Wǒmen yìqǐ qù chī, zěnmeyàng?","我知道一家有名的牛肉麵店，我們一起去吃，怎麼樣？"
"1","5","1076月美：太好了！.mp3","太好了！","Wonderful!","Tài hǎo le!","太好了！"
"1","5","1077明華：我們明天去。一定要點大碗的。.mp3","我們明天去。一定要點大碗的。","Let's go tomorrow. You really have to order a large bowl.","Wǒmen míngtiān qù. Yídìng yào diǎn dà wǎn de.","我們明天去。一定要點大碗的。"
"1","5","1078月美：昨天晚上那家餐廳的菜很好吃，可是有一點辣。.mp3","昨天晚上那家餐廳的菜很好吃，可是有一點辣。","The food at the restaurant last night was good, but it was a bit spicy.","Zuótiān wǎnshàng nà jiā cāntīng de cài hěn hǎochī, kěshì yǒu yìdiǎn là.","昨天晚上那家餐廳的菜很好吃，可是有一點辣。"
"1","5","1079安同：我也怕辣，所以我喜歡自己做飯。.mp3","我也怕辣，所以我喜歡自己做飯。","I can't take spicy (food), either. That's why I prefer to cook for myself.","Wǒ yě pà là, suǒyǐ wǒ xǐhuān zìjǐ zuòfàn.","我也怕辣，所以我喜歡自己做飯。"
"1","5","1080月美：你做飯做得怎麼樣？.mp3","你做飯做得怎麼樣？","How well do you cook?","Nǐ zuòfàn zuò de zěnmeyàng?","你做飯做得怎麼樣？"
"1","5","1081安同：我做得不好。妳會做飯嗎？.mp3","我做得不好。妳會做飯嗎？","I don't cook well. Can (f) you cook?","Wǒ zuò de bù hǎo. Nǐ huì zuòfàn ma?","我做得不好。妳會做飯嗎？"
"1","5","1082月美：會。我的甜點也做得不錯。.mp3","會。我的甜點也做得不錯。","Yes. I make good desserts, too.","Huì. Wǒ de tiándiǎn yě zuò de búcuò.","會。我的甜點也做得不錯。"
"1","5","1083安同：我最喜歡吃甜點。妳可以教我嗎？.mp3","我最喜歡吃甜點。妳可以教我嗎？","I like eating desserts most. Could (f) you teach me?","Wǒ zuì xǐhuān chī tiándiǎn. Nǐ kěyǐ jiāo wǒ ma?","我最喜歡吃甜點。妳可以教我嗎？"
"1","5","1084月美：好的，這個週末，你到我家來。.mp3","好的，這個週末，你到我家來。","Sure. Come over to my place this weekend.","Hǎode, zhè ge zhōumò, nǐ dào wǒ jiā lái.","好的，這個週末，你到我家來。"
"1","5","1085安同：好啊！謝謝妳。.mp3","好啊！謝謝妳。","Great! Thank (f) you.","Hǎo a! Xièxie nǐ.","好啊！謝謝妳。"
"1","6","1086他們學校在山上.mp3","他們學校在山上","Their School Is Up in the Mountains","tāmen xuéxiào zài shānshàng","他們學校在山上"
"1","6","1087安同：聽說怡君的學校很漂亮。.mp3","聽說怡君的學校很漂亮。","I heard Yijun's school is very beautiful.","Tīngshuō Yíjūn de xuéxiào hěn piàoliàng.","聽說怡君的學校很漂亮。"
"1","6","1088如玉：他們學校在哪裡？遠不遠？.mp3","他們學校在哪裡？遠不遠？","Where is her school? Is it far?","Tāmen xuéxiào zài nǎlǐ? Yuǎn bù yuǎn?","他們學校在哪裡？遠不遠？"
"1","6","1089安同：有一點遠。他們學校在花蓮的山上。.mp3","有一點遠。他們學校在花蓮的山上。","It is a bit far. Her school is up in the mountains in Hualien.","Yǒu yìdiǎn yuǎn. Tāmen xuéxiào zài Huālián de shānshàng.","有一點遠。他們學校在花蓮的山上。"
"1","6","1090如玉：山上？那裡的風景一定很美。.mp3","山上？那裡的風景一定很美。","Up in the mountains? The scenery there must be very beautiful.","Shānshàng? Nàlǐ de fēngjǐng yídìng hěn měi.","山上？那裡的風景一定很美。"
"1","6","1091安同：是的，他們學校前面有海，後面有山，那裡真的是一個很漂亮的地方。.mp3","是的，他們學校前面有海，後面有山，那裡真的是一個很漂亮的地方。","Yes. In front of their School is the ocean and behind it there are mountains. It is really a beautiful place.","Shìde, tāmen xuéxiào qiánmiàn yǒu hǎi, hòumiàn yǒu shān, nàlǐ zhēnde shì yí ge hěn piàoliàng de dìfāng.","是的，他們學校前面有海，後面有山，那裡真的是一個很漂亮的地方。"
"1","6","1092如玉：我想去看看。我們這個週末一起去吧！.mp3","我想去看看。我們這個週末一起去吧！","I'd like to go see. Let's go together this weekend.","Wǒ xiǎng qù kànkàn. Wǒmen zhè ge zhōumò yìqǐ qù ba!","我想去看看。我們這個週末一起去吧！"
"1","6","1093安同：好啊！我現在要去學校附近的咖啡店買咖啡。你呢？.mp3","好啊！我現在要去學校附近的咖啡店買咖啡。你呢？","Okay. I am going to go to a cafe near the school now to buy some coffee. How about (f) you?","Hǎo a! Wǒ xiànzài yào qù xuéxiào fùjìn de kāfēi diàn mǎi kāfēi. nǐ ne?","好啊！我現在要去學校附近的咖啡店買咖啡。你呢？"
"1","6","1094如玉：我去樓下找朋友，我們要一起去上課。.mp3","我去樓下找朋友，我們要一起去上課。","I am going to go downstairs to meet a friend. We are going to go to class together.","Wǒ qù lóuxià zhǎo péngyǒu, wǒmen yào yìqǐ qù shàngkè.","我去樓下找朋友，我們要一起去上課。"
"1","6","1095怡君：歡迎你們來。.mp3","歡迎你們來。","Welcome.","Huānyíng nǐmen lái.","歡迎你們來。"
"1","6","1096安同：你們學校真遠！.mp3","你們學校真遠！","Your school is really far.","Nǐmen xuéxiào zhēn yuǎn!","你們學校真遠！"
"1","6","1097怡君：是啊，不是很近，有一點不方便。.mp3","是啊，不是很近，有一點不方便。","Yes. It's not close. It's a little inconvenient.","Shì a, búshì hěn jìn, yǒu yìdiǎn bù fāngbiàn.","是啊，不是很近，有一點不方便。"
"1","6","1098如玉：這裡的學生在哪裡買東西？.mp3","這裡的學生在哪裡買東西？","Where do the students here buy things?","Zhèlǐ de xuéshēng zài nǎlǐ mǎi dōngxi?","這裡的學生在哪裡買東西？"
"1","6","1099怡君：在學校外面。學校裡面沒有商店。.mp3","在學校外面。學校裡面沒有商店。","Outside of the school. There are no shops on campus.","Zài xuéxiào wàimiàn. Xuéxiào lǐmiàn méi yǒu shāngdiàn.","在學校外面。學校裡面沒有商店。"
"1","6","1100安同：吃飯呢？學校裡面有沒有餐廳？.mp3","吃飯呢？學校裡面有沒有餐廳？","How about eating? Do you have restaurants on campus?","Chīfàn ne? Xuéxiào lǐmiàn yǒu méi yǒu cāntīng?","吃飯呢？學校裡面有沒有餐廳？"
"1","6","1101怡君：有，餐廳在學生宿舍的一樓。.mp3","有，餐廳在學生宿舍的一樓。","Yes. The restaurants are located on the first floor of the student dorm.","Yǒu, cāntīng zài xuéshēng sùshè de yì lóu.","有，餐廳在學生宿舍的一樓。"
"1","6","1102安同：前面這棟大樓很漂亮。.mp3","前面這棟大樓很漂亮。","That building in front of us is pretty.","Qiánmiàn zhè dòng dàlóu hěn piàoliàng.","前面這棟大樓很漂亮。"
"1","6","1103怡君：這是圖書館，旁邊的那棟大樓是教室，圖書館後面有游泳池。.mp3","這是圖書館，旁邊的那棟大樓是教室，圖書館後面有游泳池。","This is the library. The building next to to it are the classrooms. Behind the library, there is a swimming pool","Zhè shì túshūguǎn, pángbiān de nà dòng dàlóu shì jiàoshì, túshūguǎn hòumiàn yǒu yóuyǒngchí.","這是圖書館，旁邊的那棟大樓是教室，圖書館後面有游泳池。"
"1","7","1104早上九點去KTV.mp3","早上九點去KTV","Going to KTV at 9 o'clock in the Morning","zǎoshang jiǔ diǎn qù KTV","早上九點去KTV"
"1","7","1105安同：月美，妳要去哪裡？.mp3","月美，妳要去哪裡？","Yuemei, where are you (f) going?","Yuèměi, nǐ yào qù nǎlǐ?","月美，妳要去哪裡？"
"1","7","1106月美：去KTV唱歌。我和朋友九點二十分在大安KTV見面。.mp3","去KTV唱歌。我和朋友九點二十分在大安KTV見面。","To KTV to sing. My friends and I are meeting at Da-an KTV at 9:20.","Qù KTV chànggē. Wǒ hàn péngyǒu jiǔdiǎn èrshí fēn zài Dà'ān KTV jiànmiàn.","去KTV唱歌。我和朋友九點二十分在大安KTV見面。"
"1","7","1107安同：早上九點去KTV？為什麼？.mp3","早上九點去KTV？為什麼？","Going to KTV at 9:00 in the morning? Why?","Zǎoshàng jiǔdiǎn qù KTV? Wèishénme?","早上九點去KTV？為什麼？"
"1","7","1108月美：從早上七點到中午十二點，最便宜。要不要一起去？.mp3","從早上七點到中午十二點，最便宜。要不要一起去？","Because from 7:00 in the morning to 12 noon, it is the least expensive. Do you want to go along?","Cóng zǎoshàng qīdiǎn dào zhōngwǔ shí'èrdiǎn, zuì piányí. Yào bú yào yìqǐ qù?","從早上七點到中午十二點，最便宜。要不要一起去？"
"1","7","1109安同：我想去，可是我得去銀行。下次吧！.mp3","我想去，可是我得去銀行。下次吧！","I would love to, but I have to go to the bank. Maybe next time.","Wǒ xiǎng qù, kěshì wǒ děi qù yínháng. Xià cì ba!","我想去，可是我得去銀行。下次吧！"
"1","7","1110月美：好啊，下次你一定要來，我想聽你唱歌。.mp3","好啊，下次你一定要來，我想聽你唱歌。","Okay. Next time, you have to come. I would like to hear you sing.","Hǎo a, xià cì nǐ yídìng yào lái. Wǒ xiǎng tīng nǐ chànggē.","好啊，下次你一定要來，我想聽你唱歌。"
"1","7","1111安同：沒問題。對了，什麼時候有空一起吃飯？.mp3","沒問題。對了，什麼時候有空一起吃飯？","No problem. By the way, when do you have time to eat with me?","Méi wèntí. Duìle, shénme shíhòu yǒu kòng yìqǐ chīfàn?","沒問題。對了，什麼時候有空一起吃飯？"
"1","7","1112月美：後天我有空，你呢？.mp3","後天我有空，你呢？","I'm free the day after tomorrow. Yourself?","Hòutiān wǒ yǒu kòng, nǐ ne?","後天我有空，你呢？"
"1","7","1113安同：我也有空，後天晚上七點怎麼樣？.mp3","我也有空，後天晚上七點怎麼樣？","I'm also free. How about the day after tomorrow at 7:00 in the evening?","Wǒ yě yǒu kòng, hòutiān wǎnshàng qīdiǎn zěnmeyàng?","我也有空，後天晚上七點怎麼樣？"
"1","7","1114月美：好啊！再見。.mp3","好啊！再見。","Great. See you.","Hǎo a! Zàijiàn.","好啊！再見。"
"1","7","1115安同：如玉，妳在吃飯啊？.mp3","如玉，妳在吃飯啊？","(I see) you (female) are eating, Ruyu?","Rúyù, nǐ zài chīfàn a?","如玉，妳在吃飯啊？"
"1","7","1116如玉：是，吃午餐，等一下要上課。你呢？.mp3","是，吃午餐，等一下要上課。你呢？","Yeah, I'm eating lunch. I have class in a bit. How about you?","Shì, chī wǔcān, děng yíxià yào shàngkè. Nǐ ne?","是，吃午餐，等一下要上課。你呢？"
"1","7","1117安同：我剛下課。對了，下午四點半學校有籃球比賽。妳想去看嗎？.mp3","我剛下課。對了，下午四點半學校有籃球比賽。妳想去看嗎？","I just got out of class. By the way, there is a basketball game at school at 4:30 this afternoon. Would you (f) like to go watch?","Wǒ gāng xiàkè. Duìle, xiàwǔ sìdiǎnbàn xuéxiào yǒu lánqiú bǐsài. Nǐ xiǎng qù kàn ma?","我剛下課。對了，下午四點半學校有籃球比賽。妳想去看嗎？"
"1","7","1118如玉：想啊。比賽幾點結束？.mp3","想啊。比賽幾點結束？","Yes, what time does the game end?","Xiǎng a. Bǐsài jǐdiǎn jiéshù?","想啊。比賽幾點結束？"
"1","7","1119安同：六點半。妳晚上有事嗎？.mp3","六點半。妳晚上有事嗎？","6:30. Do you (f) have something to do this evening?","Liùdiǎnbàn. Nǐ wǎnshàng yǒu shì ma?","六點半。妳晚上有事嗎？"
"1","7","1120如玉：我最近很忙，每天晚上都上書法課。.mp3","我最近很忙，每天晚上都上書法課。","I have been busy lately. I go to calligraphy class every evening.","Wǒ zuìjìn hěn máng, měi tiān wǎnshàng dōu shàng shūfǎ kè.","我最近很忙，每天晚上都上書法課。"
"1","7","1121安同：學得怎麼樣？.mp3","學得怎麼樣？","How is that (studying) going?","Xué de zěnmeyàng?","學得怎麼樣？"
"1","7","1122如玉：剛開始學，字寫得不好，可是我覺得很有意思。.mp3","剛開始學，字寫得不好，可是我覺得很有意思。","I just started studying. I'm not writing characters well, but I think it is interesting.","Gāng kāishǐ xué, zì xiě de bù hǎo, kěshì wǒ juéde hěn yǒu yìsi.","剛開始學，字寫得不好，可是我覺得很有意思。"
"1","7","1123安同：我有空可以去看看嗎？.mp3","我有空可以去看看嗎？","Can I go check it out sometime when I have free time?","Wǒ yǒu kòng kěyǐ qù kànkàn ma?","我有空可以去看看嗎？"
"1","7","1124如玉：我得問問老師。.mp3","我得問問老師。","I have to ask the instructor.","Wǒ děi wènwèn lǎoshī.","我得問問老師。"
"1","8","1125坐火車去臺南.mp3","坐火車去臺南","Taking a Train to Tainan","zuò huǒchē qù táinán","坐火車去臺南"
"1","8","1126如玉：這個週末，我想跟朋友去臺南玩。.mp3","這個週末，我想跟朋友去臺南玩。","I want to go to Tainan with friends this weekend.","Zhè ge zhōumò, wǒ xiǎng gēn péngyǒu qù Táinán wán.","這個週末，我想跟朋友去臺南玩。"
"1","8","1127明華：怎麼去？.mp3","怎麼去？","How are you going?","Zěnme qù?","怎麼去？"
"1","8","1128如玉：我想坐火車去。.mp3","我想坐火車去。","I would like to go by train.","Wǒ xiǎng zuò huǒchē qù.","我想坐火車去。"
"1","8","1129明華：火車太慢了，要四個多鐘頭，坐高鐵比較快。.mp3","火車太慢了，要四個多鐘頭，坐高鐵比較快。","The train is to slow. It takes more than 4 hours. Taking the High Speed Rail is faster.","Huǒchē tài màn le, yào sì ge duō zhōngtóu, zuò gāotiě bǐjiào kuài.","火車太慢了，要四個多鐘頭，坐高鐵比較快。"
"1","8","1130如玉：可是聽說高鐵車票非常貴。.mp3","可是聽說高鐵車票非常貴。","But I've heard that the High Speed Rail tickets are very expensive.","Kěshì tīngshuō gāotiě chēpiào fēicháng guì.","可是聽說高鐵車票非常貴。"
"1","8","1131明華：高鐵車票有一點貴，但是坐高鐵又快又舒服。.mp3","高鐵車票有一點貴，但是坐高鐵又快又舒服。","High Speed Rail Tickets are a bit expensive, but the High Speed Rail is both fast and comfortable.","Gāotiě chēpiào yǒu yìdiǎn guì, dànshì zuò gāotiě yòu kuài yòu shūfú.","高鐵車票有一點貴，但是坐高鐵又快又舒服。"
"1","8","1132如玉：我不知道在哪裡買票。.mp3","我不知道在哪裡買票。","I don't know where to buy tickets.","Wǒ bù zhīdào zài nǎlǐ mǎi piào.","我不知道在哪裡買票。"
"1","8","1133明華：在高鐵站、網路上或是便利商店都可以。.mp3","在高鐵站、網路上或是便利商店都可以。","At High Speed Rail stations, online or at any convenience stores.","Zài gāotiězhàn, wǎnglù shàng huòshì biànlì shāngdiàn dōu kěyǐ.","在高鐵站、網路上或是便利商店都可以。"
"1","8","1134如玉：這麼方便！那我坐高鐵去，謝謝你。.mp3","這麼方便！那我坐高鐵去，謝謝你。","This is so convenient. Then I'll go by High Speed Rail. Thank you.","Zhème fāngbiàn! Nà wǒ zuò gāotiě qù, xièxie nǐ.","這麼方便！那我坐高鐵去，謝謝你。"
"1","8","1135如玉：安同，明天我們沒課，你想去哪裡？.mp3","安同，明天我們沒課，你想去哪裡？","Anton, we don't have class tomorrow. Where do you want to go?","Āntóng, míngtiān wǒmen méi kè, Nǐ xiǎng qù nǎlǐ?","安同，明天我們沒課，你想去哪裡？"
"1","8","1136安同：我要跟同學去參觀故宮博物院。.mp3","我要跟同學去參觀故宮博物院。","I am going to go to the Palace Museum with my classmates.","Wǒ yào gēn tóngxué qù cānguān Gùgōng Bówùyuàn.","我要跟同學去參觀故宮博物院。"
"1","8","1137如玉：聽說那裡有很多中國古代的東西。.mp3","聽說那裡有很多中國古代的東西。","I've heard that there are a lot of ancient Chinese things there.","Tīngshuō nàli yǒu hěn duō Zhōngguó gǔdài de dōngxi.","聽說那裡有很多中國古代的東西。"
"1","8","1138安同：是啊。妳要跟我們去看看嗎？.mp3","是啊。妳要跟我們去看看嗎？","Yes. Would (f) you like to go with us to check it out?","Shì a. Nǐ yào gēn wǒmen qù kànkàn ma?","是啊。妳要跟我們去看看嗎？"
"1","8","1139如玉：好。怎麼去？.mp3","好。怎麼去？","OK. How are you going?","Hǎo. Zěnme qù?","好。怎麼去？"
"1","8","1140安同：我同學騎機車載我。妳可以坐公共汽車去。.mp3","我同學騎機車載我。妳可以坐公共汽車去。","My classmate is taking me on his scooter. (f) You can take the bus.","Wǒ tóngxué qí jīchē zài wǒ. Nǐ kěyǐ zuò gōnggòng qìchē qù.","我同學騎機車載我。妳可以坐公共汽車去。"
"1","8","1141如玉：我想坐捷運去。比較快。.mp3","我想坐捷運去。比較快。","I want to take MRT. It is faster.","Wǒ xiǎng zuò jiéyùn qù. Bǐjiào kuài.","我想坐捷運去。比較快。"
"1","8","1142安同：不行，到故宮沒有捷運。妳要不要坐計程車去？.mp3","不行，到故宮沒有捷運。妳要不要坐計程車去？","Won't work. There is no MRT to the Palace Museum. Do (f) you want to take the bus?","Bù xíng, dào Gùgōng méi yǒu jiéyùn. Nǐ yào bú yào zuò jìchéngchē qù?","不行，到故宮沒有捷運。妳要不要坐計程車去？"
"1","8","1143如玉：太貴了！我坐公車。騎機車比坐公車快嗎？.mp3","太貴了！我坐公車。騎機車比坐公車快嗎？","Too expensive. I'll take the bus. Is it faster to ride a scooter than to take the bus?","Tài guì le! Wǒ zuò gōngchē. Qí jīchē bǐ zuò gōngchē kuài ma?","太貴了！我坐公車。騎機車比坐公車快嗎？"
"1","8","1144安同：差不多。.mp3","差不多。","About the same.","Chābùduō.","差不多。"
"1","9","1145放假去哪裡玩.mp3","放假去哪裡玩？","Where Will You Go for the Holidays?","fàngjià qù něi lǐ wán","放假去哪裡玩？"
"1","9","1146田中下個星期我們放五天的假你要回國嗎.mp3","田中，下個星期我們放五天的假，你要回國嗎？","Tianzhong, we are having a five day break next week. Are you going back to your country?","Tiánzhōng, xià ge xīngqí wǒmen fàng wǔ tiān de jià, nǐ yào huíguó ma?","田中，下個星期我們放五天的假，你要回國嗎？"
"1","9","1147不我打算在家看電視影片學中文你呢.mp3","不，我打算在家看電視、影片學中文，你呢？","No. I plan on staying home and watching television and films to study Chinese. And you?","Bù, wǒ dǎsuàn zài jiā kàn diànshì, yǐngpiàn xué Zhōngwén, nǐ ne?","不，我打算在家看電視、影片學中文，你呢？"
"1","9","1148我想跟朋友去玩.mp3","我想跟朋友去玩。","I want to go out with mine friends.","Wǒ xiǎng gēn péngyǒu qù wán.","我想跟朋友去玩。"
"1","9","1149不錯啊去什麼地方.mp3","不錯啊。去什麼地方？","That sounds good. Go where?","Búcuò a. Qù shénme dìfāng?","不錯啊。去什麼地方？"
"1","9","1150臺東聽說那裡的風景非常漂亮.mp3","臺東。聽說那裡的風景非常漂亮。","Taitung, I've heard the scenery there is very pretty.","Táidōng. Tīngshuō nàlǐ de fēngjǐng fēicháng piàoliàng.","臺東。聽說那裡的風景非常漂亮。"
"1","9","1151我也聽說放假的時候你常去旅行嗎.mp3","我也聽說。放假的時候，你常去旅行嗎？","I've heard that too. Do you often travel on days off?","Wǒ yě tīngshuō. Fàngjià de shíhòu, nǐ cháng qù lǚxíng ma?","我也聽說。放假的時候，你常去旅行嗎？"
"1","9","1152不一定有時候在家寫功課有時候出去玩.mp3","不一定。有時候在家寫功課，有時候出去玩。","Not necessarily. Sometimes, I stay home to do homework. Sometimes, I go out.","Bù yídìng, yǒu shíhòu zài jiā xiě gōngkè, yǒu shíhòu chūqù wán.","不一定。有時候在家寫功課，有時候出去玩。"
"1","9","1153你們什麼時候去臺東.mp3","你們什麼時候去臺東？","When will you go to Taidong?","Nǐmen shénme shíhòu qù Táidōng?","你們什麼時候去臺東？"
"1","9","1154這個星期六下午去.mp3","這個星期六下午去。","(We are) going this Saturday afternoon.","Zhè ge xīngqíliù xiàwǔ qù.","這個星期六下午去。"
"1","9","1155去玩多久.mp3","去玩多久？","How long will you be there?","Qù wán duō jiǔ?","去玩多久？"
"1","9","1156大概玩四五天.mp3","大概玩四、五天。","Probably 4 or 5 days.","Dàgài wán sì, wǔ tiān.","大概玩四、五天。"
"1","9","1157我女朋友九月三十號要來臺灣看我.mp3","我女朋友九月三十號要來臺灣看我。","My girlfriend is coming to Taiwan on September 30th to see me.","Wǒ nǚ péngyǒu jiǔyuè sānshíhào yào lái Táiwān kàn wǒ.","我女朋友九月三十號要來臺灣看我。"
"1","9","1158你想帶她去哪裡玩.mp3","你想帶她去哪裡玩？","Where do you plan to take her?","Nǐ xiǎng dài tā qù nǎlǐ wán?","你想帶她去哪裡玩？"
"1","9","1159還不知道你有什麼建議.mp3","還不知道。你有什麼建議？","Don't know yet. Do you have any suggestions?","Hái bù zhīdào. Nǐ yǒu shénme jiànyì?","還不知道。你有什麼建議？"
"1","9","1160臺灣的夜市很有名你們應該去逛逛.mp3","臺灣的夜市很有名。你們應該去逛逛。","Taiwan's night markets are famous. You should go there check them out.","Táiwān de yèshì hěn yǒumíng. Nǐmen yīnggāi qù guàngguàng.","臺灣的夜市很有名。你們應該去逛逛。"
"1","9","1161謝謝還有什麼好玩的地方.mp3","謝謝，還有什麼好玩的地方？","Thank you. What other places are fun?","Xièxie, hái yǒu shénme hǎowán de dìfāng?","謝謝，還有什麼好玩的地方？"
"1","9","1162臺灣的茶也很特別臺北有很多茶館.mp3","臺灣的茶也很特別。臺北有很多茶館。","Taiwanese tea is also very special. Taipei has many tea houses.","Táiwān de chá yě hěn tèbié. Táiběi yǒu hěn duō cháguǎn.","臺灣的茶也很特別。臺北有很多茶館。"
"1","9","1163到哪裡喝茶比較好.mp3","到哪裡喝茶比較好？","Where is good place to go have a tea?","Dào nǎlǐ hē chá bǐjiào hǎo?","到哪裡喝茶比較好？"
"1","9","1164你們可以去貓空那裡的風景很美.mp3","你們可以去貓空。那裡的風景很美。","You could go to Maokong. The scenery there is beautiful.","Nǐmen kěyǐ qù Māokōng. Nàlǐ de fēngjǐng hěn měi.","你們可以去貓空。那裡的風景很美。"
"1","9","1165謝謝你我決定帶她去貓空你也一起去好不好.mp3","謝謝你。我決定帶她去貓空。你也一起去，好不好？","Thank you. I've decided to take (f) her to Maokong. You come with us, okay?","Xièxie nǐ. Wǒ juédìng dài tā qù Māokōng. Nǐ yě yìqǐ qù, hǎobù hǎo?","謝謝你。我決定帶她去貓空。你也一起去，好不好？"
"1","9","1166要是那時候我有空就跟你們一起去.mp3","要是那時候我有空，就跟你們一起去。","If I'm free at that time, then I will go with you.","Yàoshì nà shíhòu wǒ yǒu kòng, jiù gēn nǐmen yìqǐ qù.","要是那時候我有空，就跟你們一起去。"
"1","9","1167太好了謝謝.mp3","太好了！謝謝！","Great! Thank you!","Tài hǎo le! Xièxie!","太好了！謝謝！"
"1","10","1168臺灣的水果很好吃.mp3","臺灣的水果很好吃","The fruit in Taiwan tastes really good","tái wān de shuǐguǒ hěn hǎochī","臺灣的水果很好吃"
"1","10","1169如玉這個黃色的水果叫什麼.mp3","這個黃色的水果叫什麼？","What is this yellow fruit called?","Zhè ge huángsè de shuǐguǒ jiào shénme?","這個黃色的水果叫什麼？"
"1","10","1170芒果給妳一塊吃吃看.mp3","芒果。給妳一塊，吃吃看。","Mango. Let me give (f) you a piece. Try it.","Mángguǒ. Gěi nǐ yí kuài, chīchīkàn.","芒果。給妳一塊，吃吃看。"
"1","10","1171如玉好謝謝香香的甜甜的很好吃.mp3","好，謝謝。香香的、甜甜的，很好吃。","OK. Thank you. It is fragrant and sweet. It tastes good.","Hǎo, xièxie. Xiāngxiāng de, tiántián de, hěn hǎochī.","好，謝謝。香香的、甜甜的，很好吃。"
"1","10","1172昨天明華給我們的那種水果紅色的叫什麼.mp3","昨天明華給我們的那種水果，紅色的，叫什麼？","What is that fruit, the red one, that Minghua gave us yesterday called?","Zuótiān Mínghuá gěi wǒmen de nà zhǒng shuǐguǒ, hóngsè de, jiào shénme?","昨天明華給我們的那種水果，紅色的，叫什麼？"
"1","10","1173如玉妳說的是西瓜吧.mp3","妳說的是西瓜吧？","I think (f) you mean the watermelon?","Nǐ shuō de shì xīguā ba?","妳說的是西瓜吧？"
"1","10","1174對對對臺灣有很多好吃的水果.mp3","對！對！對！臺灣有很多好吃的水果。","Yes! That's right! Taiwan has a lot of delicious fruits.","Duì! Duì! Duì! Táiwān yǒu hěn duō hǎochī de shuǐguǒ.","對！對！對！臺灣有很多好吃的水果。"
"1","10","1175如玉我以前不喜歡吃水果現在很喜歡了.mp3","我以前不喜歡吃水果，現在很喜歡了。","In the past, I didn't like to eat fruit, but now, I like it very much.","Wǒ yǐqián bù xǐhuān chī shuǐguǒ, xiànzài hěn xǐhuān le.","我以前不喜歡吃水果，現在很喜歡了。"
"1","10","1176越南的水果也很好吃.mp3","越南的水果也很好吃。","Fruit in Vietnam is very good too.","Yuènán de shuǐguǒ yě hěn hǎochī.","越南的水果也很好吃。"
"1","10","1177如玉要是有機會我想吃吃看.mp3","要是有機會，我想吃吃看。","If I get the opportunity, I'd like to try it.","Yàoshì yǒu jīhuì, wǒ xiǎng chīchīkàn.","要是有機會，我想吃吃看。"
"1","10","1178妳來越南我一定請妳吃.mp3","妳來越南，我一定請妳吃。","If (f) you come to Vietnam, I will treat (f) you to some.","Nǐ lái Yuènán, wǒ yídìng qǐng nǐ chī.","妳來越南，我一定請妳吃。"
"1","10","1179你跟你女朋友上個月去花蓮玩好玩嗎.mp3","你跟你女朋友上個月去花蓮玩，好玩嗎？","Did you have a good time with your girlfriend in Hualien last month?","Nǐ gēn nǐ nǚ péngyǒu shàng ge yuè qù Huālián wán, hǎowán ma?","你跟你女朋友上個月去花蓮玩，好玩嗎？"
"1","10","1180很好玩你看這些是我拍的照片.mp3","很好玩。你看，這些是我拍的照片。","Yes. Look. I took these pictures.","Hěn hǎowán. Nǐ kàn, zhèxiē shì wǒ pāi de zhàopiàn.","很好玩。你看，這些是我拍的照片。"
"1","10","1181你們笑得很開心哪一個是你女朋友.mp3","你們笑得很開心！哪一個是你女朋友？","You are smiling from ear to ear. Which one is your girlfriend?","Nǐmen xiào de hěn kāixīn! Nǎ yí ge shì nǐ nǚ péngyǒu?","你們笑得很開心！哪一個是你女朋友？"
"1","10","1182穿紅衣服的這個穿黃衣服的是旅館老闆的太太.mp3","穿紅衣服的這個。穿黃衣服的是旅館老闆的太太。","This one wearing red. The one in yellow is the wife of the owner of the hotel.","Chuān hóng yīfú de zhè ge . Chuān huáng yīfú de shì lǚguǎn lǎobǎn de tàitài.","穿紅衣服的這個。穿黃衣服的是旅館老闆的太太。"
"1","10","1183她們兩個都很漂亮這兩個男的是誰.mp3","她們兩個都很漂亮。這兩個男的是誰？","(f) They are both pretty. Who are these two men?","Tāmen liǎng ge dōu hěn piàoliàng. Zhè liǎng ge nán de shì shéi?","她們兩個都很漂亮。這兩個男的是誰？"
"1","10","1184矮的是旅館的老闆高的是他弟弟.mp3","矮的是旅館的老闆，高的是他弟弟。","The shorter one is the owner of the hotel and the taller one is his younger brother.","Ǎi de shì lǚguǎn de lǎobǎn, gāo de shì tā dìdi.","矮的是旅館的老闆，高的是他弟弟。"
"1","10","1185那家旅館怎麼樣.mp3","那家旅館怎麼樣？","How was the hotel?","Nà jiā lǚguǎn zěnmeyàng?","那家旅館怎麼樣？"
"1","10","1186很乾淨從窗戶往外看是藍色的大海.mp3","很乾淨。從窗戶往外看，是藍色的大海。","It was very clean. Looking out from the windows, you could see the blue ocean.","Hěn gānjìng. cóng chuānghù wǎng wài kàn, shì lánsè de dàhǎi.","很乾淨。從窗戶往外看，是藍色的大海。"
"1","10","1187真不錯那家旅館貴嗎.mp3","真不錯！那家旅館貴嗎？","That's really nice. Was that hotel expensive?","Zhēn búcuò! Nà jiā lǚguǎn guì ma?","真不錯！那家旅館貴嗎？"
"1","10","1188因為現在去玩的人比較少所以旅館不太貴.mp3","因為現在去玩的人比較少，所以旅館不太貴。","Fever people are going there now, so the hotel wasn't too expensive.","Yīnwèi xiànzài qù wán de rén bǐjiào shǎo, suǒyǐ lǚguǎn bú tài guì.","因為現在去玩的人比較少，所以旅館不太貴。"
"1","10","1189下次我也想去住.mp3","下次我也想去住。","I'd also like to stay there next time.","Xià cì wǒ yě xiǎng qù zhù.","下次我也想去住。"
"1","11","1190我要租房子.mp3","我要租房子","I Would Like to Rent a Place","wǒ yào zū fángzi","我要租房子"
"1","11","1191如玉林先生你好我是白如玉來看房子.mp3","林先生，你好，我是白如玉，來看房子。","Hi, Mr. Lin. I am Bai Ruyu. I'm here to look at the house.","Lín Xiānshēng, nǐ hǎo, Wǒ shì Bái Rúyù, lái kàn fángzi.","林先生，你好，我是白如玉，來看房子。"
"1","11","1192房東白小姐你好請進.mp3","白小姐，你好，請進。","Miss Bai, how are (f) you? Please come in.","Bái Xiǎojiě, nǐ hǎo, qǐng jìn.","白小姐，你好，請進。"
"1","11","1193房東這裡是客廳廚房在左邊右邊有浴室.mp3","這裡是客廳，廚房在左邊，右邊有浴室。","This is a living room. The kitchen is to the left. The bathroom is to the right.","Zhèlǐ shì kètīng, chúfáng zài zuǒbiān, yòubiān yǒu yùshì.","這裡是客廳，廚房在左邊，右邊有浴室。"
"1","11","1194如玉房子很不錯.mp3","房子很不錯。","The place is nice.","Fángzi hěn búcuò.","房子很不錯。"
"1","11","1195房東這裡很方便附近有超市和捷運站走路五分鐘就到了.mp3","這裡很方便，附近有超市和捷運站，走路五分鐘就到了。","It is conveniently located. Nearby, there are a supermarket and an MRT station. Walk five minutes and you are there.","Zhèlǐ hěn fāngbiàn, fùjìn yǒu chāoshì hàn jiéyùnzhàn, zǒulù wǔ fēnzhōng jiù dào le.","這裡很方便，附近有超市和捷運站，走路五分鐘就到了。"
"1","11","1196如玉現在有人住嗎.mp3","現在有人住嗎？","Does anyone live here now?","Xiànzài yǒu rén zhù ma?","現在有人住嗎？"
"1","11","1197房東有還有兩間空房間一間是套房一間不是.mp3","有。還有兩間空房間，一間是套房，一間不是。","Yes. There are still two vacant rooms. One is a suite (a room with a bath) and the other one is not.","Yǒu. Hái yǒu liǎng jiān kōng fángjiān, yì jiān shì tàofáng, yì jiān búshì.","有。還有兩間空房間，一間是套房，一間不是。"
"1","11","1198如玉我想看套房房間裡面可以上網嗎.mp3","我想看套房。房間裡面可以上網嗎？","I'd like to take a look at the suite. Can you access the internet from the room?","Wǒ xiǎng kàn tàofáng. Fángjiān lǐmiàn kěyǐ shàngwǎng ma?","我想看套房。房間裡面可以上網嗎？"
"1","11","1199房東可以妳覺得這間房間怎麼樣妳想租嗎.mp3","可以。妳覺得這間房間怎麼樣？妳想租嗎？","Yes. What do (f) you think of this room? Do (f) you want to rent it?","Kěyǐ. Nǐ juéde zhè jiān fángjiān zěnmeyàng? Nǐ xiǎng zū ma?","可以。妳覺得這間房間怎麼樣？妳想租嗎？"
"1","11","1200如玉我回去想想再打電話給你.mp3","我回去想想，再打電話給你。","Let me go back and think about it. I will call you again.","Wǒ huíqù xiǎngxiǎng, zài dǎ diànhuà gěi nǐ.","我回去想想，再打電話給你。"
"1","11","1201如玉喂房東先生你好我是白如玉你收到我的房租了嗎.mp3","喂，房東先生，你好，我是白如玉，你收到我的房租了嗎？","Hello, Mr. Landlord. This is Bai Ruyu. Have you received my rent?","Wéi, Fángdōng xiānshēng, nǐ hǎo, wǒ shì Bái Rúyù, nǐ shōudào wǒ de fángzū le ma?","喂，房東先生，你好，我是白如玉，你收到我的房租了嗎？"
"1","11","1202房東我已經收到了謝謝妳習慣了嗎.mp3","我已經收到了，謝謝。妳習慣了嗎？","I have received it. Thank you. Are (f) you accustomed (to living there)?","Wǒ yǐjīng shōudào le, xièxie. Nǐ xíguàn le ma?","我已經收到了，謝謝。妳習慣了嗎？"
"1","11","1203如玉習慣了可是有一個問題熱水器的水好像不熱.mp3","習慣了。可是，有一個問題，熱水器的水好像不熱。","Yes. But there is a problem. The water from the water heater doesn't seem to be hot.","Xíguàn le. Kěshì, yǒu yí ge wèntí, rèshuǐqì de shuǐ hǎoxiàng bú rè.","習慣了。可是，有一個問題，熱水器的水好像不熱。"
"1","11","1204房東今天我會去看看妳什麼時候有空晚上可以嗎.mp3","今天我會去看看。妳什麼時候有空？晚上可以嗎？","I will go check it out today. When are (f) you free? Would tonight be okay?","Jīntiān wǒ huì qù kànkàn. nǐ shénme shíhòu yǒu kòng? Wǎnshàng kěyǐ ma?","今天我會去看看。妳什麼時候有空？晚上可以嗎？"
"1","11","1205如玉不好意思今天晚上我有事.mp3","不好意思，今天晚上我有事。","I'm sorry. I've got something to do this evening.","Bùhǎo yìsi, jīntiān wǎnshàng wǒ yǒu shì.","不好意思，今天晚上我有事。"
"1","11","1206房東沒關係明天下午呢.mp3","沒關係，明天下午呢？","That is alright. How about tomorrow afternoon?","Méi guānxi, míngtiān xiàwǔ ne?","沒關係，明天下午呢？"
"1","11","1207如玉好我在家等你.mp3","好，我在家等你。","Okay. I will wait for you at home.","Hǎo, wǒ zài jiā děng nǐ.","好，我在家等你。"
"1","11","1208房東那我明天下午兩點到還有問題嗎.mp3","那我明天下午兩點到。還有問題嗎？","I will be there at two. Are there any other problems?","Nà wǒ míngtiān xiàwǔ liǎngdiǎn dào. Hái yǒu wèntí ma?","那我明天下午兩點到。還有問題嗎？"
"1","11","1209如玉我想買電視請問可以幫我裝有線電視嗎.mp3","我想買電視。請問可以幫我裝有線電視嗎？","I want to buy a television. Could I trouble you put in cable for me?","Wǒ xiǎng mǎi diànshì. Qǐngwèn kěyǐ bāng wǒ zhuāng yǒuxiàn diànshì ma?","我想買電視。請問可以幫我裝有線電視嗎？"
"1","11","1210房東可以不過妳得自己付錢.mp3","可以，不過妳得自己付錢。","Yes, but (f) you will have to pay for it yourself.","Kěyǐ, búguò nǐ děi zìjǐ fùqián.","可以，不過妳得自己付錢。"
"1","11","1211如玉好的謝謝你.mp3","好的，謝謝你。","Fine. Thank you.","Hǎode, xièxie nǐ.","好的，謝謝你。"
"1","12","1212你在臺灣學多久的中文.mp3","你在臺灣學多久的中文？","How long will you be studying Chinese in Taiwan?","nǐ zài tái wān xué duōjiǔ de zhōngwén","你在臺灣學多久的中文？"
"1","12","1213安同你計畫在臺灣學多久的中文.mp3","安同，你計畫在臺灣學多久的中文？","Anton how long do you plan to study Chinese in Taiwan?","Āntóng, nǐ jìhuà zài Táiwān xué duō jiǔ de Zhōngwén?","安同，你計畫在臺灣學多久的中文？"
"1","12","1214五年.mp3","五年。","Five years.","Wǔ nián.","五年。"
"1","12","1215為什麼要這麼久的時間.mp3","為什麼要這麼久的時間？","Why such a long time?","Wèishénme yào zhème jiǔ de shíjiān?","為什麼要這麼久的時間？"
"1","12","1216我先在語言中心念一年再念四年大學所以需要五年.mp3","我先在語言中心念一年，再念四年大學，所以需要五年。","I'm going to study for a year at the language center, then study at University for four years, so I need five years.","Wǒ xiān zài yǔyán zhōngxīn niàn yì nián, zài niàn sì nián dàxué, suǒyǐ xūyào wǔ nián.","我先在語言中心念一年，再念四年大學，所以需要五年。"
"1","12","1217這得花不少錢.mp3","這得花不少錢！","That's going to cost allot of money.","Zhè děi huā bù shǎo qián!","這得花不少錢！"
"1","12","1218對不過我有獎學金要是成績不好就沒獎學金了你呢.mp3","對，不過我有獎學金。要是成績不好，就沒獎學金了。你呢？","That's right, but I have a scholarship. If my grades are poor, I will lose it. And you?","Duì, búguò wǒ yǒu jiǎngxuéjīn. Yàoshì chéngjī bù hǎo, jiù méi jiǎngxuéjīn le. Nǐ ne?","對，不過我有獎學金。要是成績不好，就沒獎學金了。你呢？"
"1","12","1219我的學費是公司替我付的.mp3","我的學費是公司替我付的。","My tuition is paid by my company for me.","Wǒ de xuéfèi shì gōngsī tì wǒ fù de.","我的學費是公司替我付的。"
"1","12","1220你打算學多久呢.mp3","你打算學多久呢？","And how long do you plan to study?","Nǐ dǎsuàn xué duō jiǔ ne?","你打算學多久呢？"
"1","12","1221大概兩年是公司決定的.mp3","大概兩年，是公司決定的。","Probably two years. My company will decide.","Dàgài liǎng nián, shì gōngsī juédìng de.","大概兩年，是公司決定的。"
"1","12","1222希望我以後也可以到這麼好的公司上班.mp3","希望我以後也可以到這麼好的公司上班。","I hope later I can work at such a good company.","Xīwàng wǒ yǐhòu yě kěyǐ dào zhème hǎo de gōngsī shàngbān.","希望我以後也可以到這麼好的公司上班。"
"1","12","1223我又要上班又要念書真的很累.mp3","我又要上班，又要念書，真的很累。","I have to both work and study. It is exhausting.","Wǒ yòu yào shàngbān, yòu yào niànshū, zhēnde hěn lèi.","我又要上班，又要念書，真的很累。"
"1","12","1224我們一起加油吧.mp3","我們一起加油吧！","Let's keep up the good work.","Wǒmen yìqǐ jiāyóu ba!","我們一起加油吧！"
"1","12","1225田中你是什麼時候來臺灣工作的.mp3","田中，你是什麼時候來臺灣工作的？","When did you come to Taiwan to work, Tianzhong?","Tiánzhōng, nǐ shì shénme shíhòu lái Táiwān gōngzuò de?","田中，你是什麼時候來臺灣工作的？"
"1","12","1226去年我已經在臺灣工作一年了.mp3","去年，我已經在臺灣工作一年了。","Last year. I have been working in Taiwan for a year.","Qùnián, wǒ yǐjīng zài Táiwān gōngzuò yì nián le.","去年，我已經在臺灣工作一年了。"
"1","12","1227為什麼你們公司要替你付學費.mp3","為什麼你們公司要替你付學費？","Why does your company pay tuition for you?","Wèishénme nǐmen gōngsī yào tì nǐ fù xuéfèi?","為什麼你們公司要替你付學費？"
"1","12","1228因為我們公司跟臺灣人做生意老闆希望我們都會說中文.mp3","因為我們公司跟臺灣人做生意。老闆希望我們都會說中文。","Because our company does business with Taiwanese. My boss wants us all to speak Chinese.","Yīnwèi wǒmen gōngsī gēn Táiwān rén zuò shēngyì, lǎobǎn xīwàng wǒmen dōu huì shuō Zhōngwén.","因為我們公司跟臺灣人做生意。老闆希望我們都會說中文。"
"1","12","1229我覺得你們公司真好.mp3","我覺得你們公司真好。","I think your company is really good.","Wǒ juéde nǐmen gōngsī zhēn hǎo.","我覺得你們公司真好。"
"1","12","1230對了妳回國以後打算做什麼.mp3","對了，妳回國以後，打算做什麼？","By the way, what do (f) you plan to do when you go back to your country?","Duìle, nǐ huíguó yǐhòu, dǎsuàn zuò shénme?","對了，妳回國以後，打算做什麼？"
"1","12","1231我回國以後也想找個有機會說中文的工作.mp3","我回國以後，也想找個有機會說中文的工作。","After I go back home, I would like to find a job (that gives me) opportunities to speak Chinese.","Wǒ huíguó yǐhòu, yě xiǎng zhǎo ge yǒu jīhuì shuō Zhōngwén de gōngzuò.","我回國以後，也想找個有機會說中文的工作。"
"1","12","1232不錯這樣的工作在你們國家好找嗎.mp3","不錯，這樣的工作在你們國家好找嗎？","Not a bad idea. Is this kind of job easy to find in your country?","Búcuò, zhèyàng de gōngzuò zài nǐmen guójiā hǎo zhǎo ma?","不錯，這樣的工作在你們國家好找嗎？"
"1","12","1233不知道好不好找我試試看.mp3","不知道好不好找，我試試看。","I don't know if they are easy to find, but I am going to try.","Bù zhīdào hǎo bù hǎo zhǎo, wǒ shìshìkàn.","不知道好不好找，我試試看。"
"1","12","1234要是難找呢.mp3","要是難找呢？","What if they are hard to find?","Yàoshì nán zhǎo ne?","要是難找呢？"
"1","12","1235那麼我再來臺灣學中文.mp3","那麼我再來臺灣學中文。","Then I would come back to Taiwan to study Chinese.","Nàme wǒ zài lái Táiwān xué Zhōngwén.","那麼我再來臺灣學中文。"
"1","12","1236太好了那我們就可以再見面了.mp3","太好了！那我們就可以再見面了。","Great, that way we could see each other again.","Tài hǎo le! Nà wǒmen jiù kěyǐ zài jiànmiàn le.","太好了！那我們就可以再見面了。"
"1","13","1237生日快樂.mp3","生日快樂","Happy Birthday","shēngrìkuàilè","生日快樂"
"1","13","1238喂安同嗎.mp3","喂，安同嗎？","Hello? Is this Anton?","Wéi, Āntóng ma?","喂，安同嗎？"
"1","13","1239是我就是怡君好久不見聽說妳去花蓮.mp3","是，我就是。怡君，好久不見，聽說妳去花蓮？","Yes, it's me, long time no see. I heard you went to Hualien.","Shì, wǒ jiù shì. Yíjūn, hǎojiǔ bújiàn, tīngshuō nǐ qù Huālián?","是，我就是。怡君，好久不見，聽說妳去花蓮？"
"1","13","1240我沒去花蓮我剛從臺東回來.mp3","我沒去花蓮，我剛從臺東回來。","I didn't go to Hualien. I just got back from Taitung.","Wǒ méi qù Huālián, wǒ gāng cóng Táidōng huílái.","我沒去花蓮，我剛從臺東回來。"
"1","13","1241找我有什麼事.mp3","找我有什麼事？","Did you call me for some reason?","Zhǎo wǒ yǒu shénme shì?","找我有什麼事？"
"1","13","1242明天是你的生日對不對.mp3","明天是你的生日，對不對？","Tomorrow is your birthday, isn't it?","Míngtiān shì nǐ de shēngrì, duì bú duì?","明天是你的生日，對不對？"
"1","13","1243啊我怎麼忘了最近太忙了謝謝妳還記得.mp3","啊，我怎麼忘了！最近太忙了，謝謝妳還記得。","Huh! How did I forget!? I've been so busy lately. Thanks for remembering.","A, wǒ zěnme wàngle! Zuìjìn tài máng le, xièxie nǐ hái jìde.","啊，我怎麼忘了！最近太忙了，謝謝妳還記得。"
"1","13","1244當然記得語言交換的時候你那麼熱心教我西班牙文.mp3","當然記得！語言交換的時候，你那麼熱心教我西班牙文。","Of course I remember. When we were exchanging languages, you were so enthusiastic about teaching me Spanish.","Dāngrán jìde! Yǔyán jiāohuàn de shíhòu, nǐ nàme rèxīn jiāo wǒ Xībānyá wén.","當然記得！語言交換的時候，你那麼熱心教我西班牙文。"
"1","13","1245不必客氣妳也一樣.mp3","不必客氣，妳也一樣。","You are kind. You were, too.","Búbì kèqì, nǐ yě yíyàng.","不必客氣，妳也一樣。"
"1","13","1246明天我想請你吃晚飯給你過生日.mp3","明天我想請你吃晚飯，給你過生日。","I would like to treat you to dinner tomorrow to celebrate your birthday.","Míngtiān wǒ xiǎng qǐng nǐ chī wǎnfàn, gěi nǐ guò shēngrì.","明天我想請你吃晚飯，給你過生日。"
"1","13","1247妳太客氣了我們在哪裡見面呢.mp3","妳太客氣了！我們在哪裡見面呢？","That is very kind of you. Where should we meet?","Nǐ tài kèqì le! Wǒmen zài nǎlǐ jiànmiàn ne?","妳太客氣了！我們在哪裡見面呢？"
"1","13","1248明天我一下課就去你們學校找你.mp3","明天我一下課，就去你們學校找你。","As soon as I'm out of class tomorrow, I will go to your school.","Míngtiān wǒ yí xiàkè, jiù qù nǐmen xuéxiào zhǎo nǐ.","明天我一下課，就去你們學校找你。"
"1","13","1249大概幾點.mp3","大概幾點？","About what time?","Dàgài jǐdiǎn?","大概幾點？"
"1","13","1250五點左右.mp3","五點左右。","About five.","Wǔdiǎn zuǒyòu.","五點左右。"
"1","13","1251好我會在學校門口等妳.mp3","好，我會在學校門口等妳。","Good. I will wait for you at the front gate of the school.","Hǎo, wǒ huì zài xuéxiào ménkǒu děng nǐ.","好，我會在學校門口等妳。"
"1","13","1252怡君謝謝妳請我到這麼有名的餐廳吃飯.mp3","怡君，謝謝妳請我到這麼有名的餐廳吃飯。","Yijun, thank you for asking me to eat at this well-known restaurant.","Yíjūn, xièxie nǐ qǐng wǒ dào zhème yǒumíng de cāntīng chīfàn.","怡君，謝謝妳請我到這麼有名的餐廳吃飯。"
"1","13","1253哪裡哪裡這是我給你的禮物.mp3","哪裡，哪裡！這是我給你的禮物。","Not at all. Not at all. This is my gift to you.","Nǎlǐ, nǎlǐ! Zhè shì wǒ gěi nǐ de lǐwù.","哪裡，哪裡！這是我給你的禮物。"
"1","13","1254謝謝真開心今年有臺灣朋友給我過生日.mp3","謝謝！真開心，今年有臺灣朋友給我過生日。","Thank you. I'm really happy that a Taiwanese friend is celebrating my birthday with me this year.","Xièxie! Zhēn kāixīn, jīnnián yǒu Táiwān péngyǒu gěi wǒ guò shēngrì.","謝謝！真開心，今年有臺灣朋友給我過生日。"
"1","13","1255你想吃什麼有沒有不吃的東西.mp3","你想吃什麼？有沒有不吃的東西？","What would you like to eat? Is there anything you don't eat?","Nǐ xiǎng chī shénme? Yǒu méi yǒu bù chī de dōngxi?","你想吃什麼？有沒有不吃的東西？"
"1","13","1256我什麼都吃.mp3","我什麼都吃。","I eat everything.","Wǒ shénme dōu chī.","我什麼都吃。"
"1","13","1257我已經訂了豬腳麵線和蛋等一下你多吃一點.mp3","我已經訂了豬腳麵線和蛋。等一下你多吃一點。","I made a special order of pork knuckles with extra fine noodles and eggs before coming to the restaurant. (When it gets here, dig in) Get ready.","Wǒ yǐjīng dìngle zhūjiǎo miànxiàn hàn dàn. Děng yíxià nǐ duō chī yìdiǎn.","我已經訂了豬腳麵線和蛋。等一下你多吃一點。"
"1","13","1258臺灣人過生日是不是都吃這些東西.mp3","臺灣人過生日是不是都吃這些東西？","Is that what Taiwanese eat on their birthdays?","Táiwān rénguò shēngrì shìbúshì dōu chī zhè xiē dōngxi?","臺灣人過生日是不是都吃這些東西？"
"1","13","1259對啊這是傳統不過現在大部分年輕人過生日不吃這些東西了.mp3","對啊！這是傳統，不過，現在大部分年輕人過生日不吃這些東西了。","Yes. This is a tradition, but most young people don't eat these things on their birthdays anymore.","Duì a! Zhè shì chuántǒng, búguò, xiànzài dà bùfèn niánqīng rén guò shēngrì bù chī zhè xiē dōngxi le.","對啊！這是傳統，不過，現在大部分年輕人過生日不吃這些東西了。"
"1","13","1260那麼你們過生日吃什麼呢.mp3","那麼，你們過生日吃什麼呢？","Then, what do you eat on your birthday's?","Nàme, nǐmen guò shēngrì chī shénme ne?","那麼，你們過生日吃什麼呢？"
"1","13","1261跟你們一樣吃蛋糕今天我也訂了一個生日蛋糕.mp3","跟你們一樣，吃蛋糕。今天我也訂了一個生日蛋糕。","We eat cakes just like you. I also ordered a birthday cake.","Gēn nǐmen yíyàng, chī dàngāo. Jīntiān wǒ yě dìngle yí ge shēngrì dàngāo.","跟你們一樣，吃蛋糕。今天我也訂了一個生日蛋糕。"
"1","13","1262妳對我真好.mp3","妳對我真好。","You are really nice to me.","Nǐ duì wǒ zhēn hǎo.","妳對我真好。"
"1","13","1263安同祝你生日快樂萬事如意心想事成.mp3","安同，祝你生日快樂、萬事如意、心想事成。","Happy birthday, Anton. I wish you the best in everything and may all your wishes come true.","Āntóng, zhù nǐ shēngrì kuàilè, wànshì rúyì, xīnxiǎng shìchéng.","安同，祝你生日快樂、萬事如意、心想事成。"
"1","13","1264謝謝謝謝.mp3","謝謝！謝謝！","Thank you! Thank you!","Xièxie! Xièxie!","謝謝！謝謝！"
"1","14","1265天氣這麼冷.mp3","天氣這麼冷！","It's so cold!","tiānqì zhème lěng","天氣這麼冷！"
"1","14","1266如玉外面風那麼大我覺得今天比昨天冷臺灣會不會下雪.mp3","外面風那麼大，我覺得今天比昨天冷。臺灣會不會下雪？","It is windy outside. I think it's colder today than yesterday. Does it snow in Taiwan?","Wàimiàn fēng nàme dà, wǒ juéde jīntiān bǐ zuótiān lěng. Táiwān huì bú huì xiàxuě?","外面風那麼大，我覺得今天比昨天冷。臺灣會不會下雪？"
"1","14","1267很高的山會下雪玉山常下雪美國呢開始下雪了吧.mp3","很高的山會下雪。玉山常下雪。美國呢？開始下雪了吧？","It snows in high mountains. It snows on Yushan frequently. And the US? It has probably started snowing there?","Hěn gāo de shān huì xiàxuě. Yùshān cháng xiàxuě. Měiguó ne? Kāishǐ xià xuě le ba?","很高的山會下雪。玉山常下雪。美國呢？開始下雪了吧？"
"1","14","1268如玉還沒有每年差不多十二月開始下雪的時候我常去山上滑雪.mp3","還沒有。每年差不多十二月開始。下雪的時候，我常去山上滑雪。","Not yet. Every year around December, it starts. When it snows, I often go skiing in the mountains.","Hái méi yǒu. Měi nián chābùduō shí'èryuè kāishǐ. Xiàxuě de shíhòu, wǒ cháng qù shānshàng huáxuě.","還沒有。每年差不多十二月開始。下雪的時候，我常去山上滑雪。"
"1","14","1269我怕冷我比較喜歡春天.mp3","我怕冷。我比較喜歡春天。","I don't like the cold. I like spring better.","Wǒ pà lěng. Wǒ bǐjiào xǐhuān chūntiān.","我怕冷。我比較喜歡春天。"
"1","14","1270如玉春天不錯天氣很舒服.mp3","春天不錯，天氣很舒服。","Spring isn't bad. The weather is nice.","Chūntiān búcuò, tiānqì hěn shūfú.","春天不錯，天氣很舒服。"
"1","14","1271我去年五月在紐約玩了兩個星期那個時候天氣很好風景也很漂亮我玩得非常開心.mp3","我去年五月在紐約玩了兩個星期。那個時候，天氣很好，風景也很漂亮，我玩得非常開心。","Last May, I was in New York having a good time for two weeks. The weather was very nice then and the scenery was beautiful. I had a great time.","Wǒ qùnián wǔyuè zài Niǔyuē wánle liǎng ge xīngqí. Nà ge shíhòu, tiānqì hěn hǎo, fēngjǐng yě hěn piàoliàng, wǒ wán de fēicháng kāixīn.","我去年五月在紐約玩了兩個星期。那個時候，天氣很好，風景也很漂亮，我玩得非常開心。"
"1","14","1272如玉我在臺灣住了半年多了有一點想家.mp3","我在臺灣住了半年多了。有一點想家。","I have lived in Taiwan for over half a year now. I'm a little home sick.","Wǒ zài Táiwān zhùle bàn nián duō le. Yǒu yìdiǎn xiǎng jiā.","我在臺灣住了半年多了。有一點想家。"
"1","14","1273新年快到了想回去看父母嗎.mp3","新年快到了。想回去看父母嗎？","It is almost New Year's. Are you thinking about going back to see your parents?","Xīnnián kuài dào le. xiǎng huíqù kàn fùmǔ ma?","新年快到了。想回去看父母嗎？"
"1","14","1274如玉我打算十二月底回去想跟我去美國玩嗎.mp3","我打算十二月底回去。想跟我去美國玩嗎？","I plan to go back at the end of December. Would you like to go with me to the US?","Wǒ dǎsuàn shí'èryuè dǐ huíqù. xiǎng gēn wǒ qù Měiguó wán ma?","我打算十二月底回去。想跟我去美國玩嗎？"
"1","14","1275冬天太冷了不過我想明年秋天去看紅葉對了妳什麼時候回來.mp3","冬天太冷了。不過，我想明年秋天去看紅葉。對了，妳什麼時候回來？","The winter is too cold, but I would like to go see the Autumn leaves next year. By the way, are you coming back?","Dōngtiān tài lěng le. Búguò, wǒ xiǎng míngnián qiūtiān qù kàn hóngyè. Duìle, nǐ shénme shíhòu huílái?","冬天太冷了。不過，我想明年秋天去看紅葉。對了，妳什麼時候回來？"
"1","14","1276如玉因為我們只放十天的假所以一月五號回來.mp3","因為我們只放十天的假，所以一月五號回來。","We only have 10 days off, so I will be back January 5th.","Yīnwèi wǒmen zhǐ fàng shí tiān de jià, suǒyǐ yīyuè wǔhào huílái.","因為我們只放十天的假，所以一月五號回來。"
"1","14","1277如玉雨下得這麼大妳怎麼沒帶傘呢.mp3","如玉，雨下得這麼大，妳怎麼沒帶傘呢？","Ruyu, as heavy as it's raining, why didn't you bring an umbrella?","Rúyù, yǔ xià de zhème dà, nǐ zěnme méi dài sǎn ne?","如玉，雨下得這麼大，妳怎麼沒帶傘呢？"
"1","14","1278如玉我昨天帶了可是今天忘了帶.mp3","我昨天帶了，可是今天忘了帶。","I brought it yesterday, but I forgot to bring it today.","Wǒ zuótiān dài le, kěshì jīntiān wàngle dài.","我昨天帶了，可是今天忘了帶。"
"1","14","1279颱風快要來了.mp3","颱風快要來了。","A typhoon is coming.","Táifēng kuài yào lái le.","颱風快要來了。"
"1","14","1280如玉我已經聽說了.mp3","我已經聽說了。","Yes, I've heard.","Wǒ yǐjīng tīngshuō le.","我已經聽說了。"
"1","14","1281這裡每年夏天都有颱風颱風來的時候風和雨都很大做什麼都很不方便.mp3","這裡每年夏天都有颱風。颱風來的時候，風和雨都很大，做什麼都很不方便。","We have typhoons every summer. When typhoons hit, we get heavy wind and rain. It gets very inconvenient to do anything.","Zhèlǐ měi nián xiàtiān dōu yǒu táifēng. Táifēng lái de shíhòu, fēng hàn yǔ dōu hěn dà, zuò shénme dōu hěn bù fāngbiàn.","這裡每年夏天都有颱風。颱風來的時候，風和雨都很大，做什麼都很不方便。"
"1","14","1282如玉是啊哪裡都濕濕的真討厭.mp3","是啊！哪裡都濕濕的。真討厭。","Yeah. It gets wet everywhere. I hate it.","Shì a! Nǎlǐ dōu shīshī de. zhēn tǎoyàn.","是啊！哪裡都濕濕的。真討厭。"
"1","14","1283電視新聞說這次的颱風會比上次的更大請大家多小心.mp3","電視新聞說，這次的颱風會比上次的更大，請大家多小心。","The TV news says this typhoon is bigger than the last one and advised everyone to be extra cautious.","Diànshì xīnwén shuō, zhè cì de táifēng huì bǐ shàng cì de gèng dà, qǐng dàjiā duō xiǎoxīn.","電視新聞說，這次的颱風會比上次的更大，請大家多小心。"
"1","14","1284如玉希望這次的沒有上次的那麼可怕.mp3","希望這次的沒有上次的那麼可怕。","I hope the one this time is not as scary as the last one.","Xīwàng zhè cì de méi yǒu shàng cì de nàme kěpà.","希望這次的沒有上次的那麼可怕。"
"1","14","1285如玉妳看雨停了.mp3","如玉，妳看！雨停了。","Ruyu, look. The rain has stopped.","Rúyù, nǐ kàn! Yǔ tíng le.","如玉，妳看！雨停了。"
"1","14","1286如玉太好了謝謝你的傘再見.mp3","太好了！謝謝你的傘，再見。","Great! Thank you for the umbrella. See you.","Tài hǎo le! Xièxie nǐ de sǎn, zàijiàn.","太好了！謝謝你的傘，再見。"
"1","14","1287不客氣小心慢走.mp3","不客氣。小心慢走。","You are welcome. Take care.","Búkèqì. xiǎoxīn màn zǒu.","不客氣。小心慢走。"
"1","15","1288我很不舒服.mp3","我很不舒服","I Don't Feel Well","wǒ hěnbù shūfu","我很不舒服"
"1","15","1289醫生白小姐妳哪裡不舒服.mp3","白小姐，妳哪裡不舒服？","Miss Bai, how are you doing? What's wrong?","Bái Xiǎojiě, nǐ nǎlǐ bù shūfú?","白小姐，妳哪裡不舒服？"
"1","15","1290如玉我一直流鼻水頭很痛胃口很差什麼東西都不想吃.mp3","我一直流鼻水，頭很痛，胃口很差。什麼東西都不想吃。","My nose continues to run, my head aches and my appetite is poor. I don't feel like eating anything.","Wǒ yìzhí liú bíshuǐ, tóu hěn tòng, wèikǒu hěn chā. Shénme dōngxi dōu bù xiǎng chī.","我一直流鼻水，頭很痛，胃口很差。什麼東西都不想吃。"
"1","15","1291醫生大概多久了.mp3","大概多久了？","About how long?","Dàgài duō jiǔ le?","大概多久了？"
"1","15","1292如玉已經四五天了.mp3","已經四、五天了。","About four or five days now.","Yǐjīng sì, wǔtiān le.","已經四、五天了。"
"1","15","1293醫生我看看你的喉嚨喉嚨有一點發炎.mp3","我看看你的喉嚨。喉嚨有一點發炎。","Let me take a look at your throat. Your throat is a bit inflamed.","Wǒ kànkàn nǐ de hóulóng. Hóulóng yǒu yìdiǎn fāyán.","我看看你的喉嚨。喉嚨有一點發炎。"
"1","15","1294如玉請問我生的是什麼病.mp3","請問我生的是什麼病？","Excuse me, what sickness do I have?","Qǐngwèn wǒ shēng de shì shénme bìng?","請問我生的是什麼病？"
"1","15","1295醫生妳有一點發燒是感冒不過沒有什麼關係.mp3","妳有一點發燒，是感冒，不過沒有什麼關係。","You have a slight fever. It is a cold, but it's nothing serious.","Nǐ yǒu yìdiǎn fāshāo, shì gǎnmào, búguò méi yǒu shénme guānxi.","妳有一點發燒，是感冒，不過沒有什麼關係。"
"1","15","1296如玉請問我得吃藥嗎.mp3","請問我得吃藥嗎？","Excuse me, do I have to take any medicine?","Qǐngwèn wǒ děi chī yào ma?","請問我得吃藥嗎？"
"1","15","1297醫生要妳到藥局去拿藥.mp3","要，妳到藥局去拿藥。","Yes. Go to the pharmacy to pick up your medicine.","Yào, nǐ dào yàojú qù ná yào.","要，妳到藥局去拿藥。"
"1","15","1298如玉好的請問我的病什麼時候會好.mp3","好的。請問我的病什麼時候會好？","Thank you. Excuse me, when will I be well again?","Hǎode. Qǐngwèn wǒ de bìng shénme shíhòu huì hǎo?","好的。請問我的病什麼時候會好？"
"1","15","1299醫生回去把藥吃了多喝水多休息早一點睡覺很快就會好.mp3","回去把藥吃了，多喝水，多休息，早一點睡覺，很快就會好。","Go home, take your medicine, drink plenty of water, get plenty of rest, and go to bed early and you'll be better very soon.","Huíqù bǎ yào chīle, duō hē shuǐ, duō xiūxí, zǎo yìdiǎn shuìjiào, hěn kuài jiù huì hǎo.","回去把藥吃了，多喝水，多休息，早一點睡覺，很快就會好。"
"1","15","1300如玉好的謝謝您.mp3","好的，謝謝您。","Fine, thank you.","Hǎode, xièxie nín.","好的，謝謝您。"
"1","15","1301如玉你怎麼了臉色這麼難看.mp3","你怎麼了？臉色這麼難看。","What's the matter? You don't look too good.","Nǐ zěnme le? Liǎnsè zhème nánkàn.","你怎麼了？臉色這麼難看。"
"1","15","1302昨天晚上肚子很不舒服吃了東西就吐還吐了好幾次.mp3","昨天晚上肚子很不舒服，吃了東西就吐，還吐了好幾次。","My stomach didn't feel good last night. I ate something and then threw up. vomited several times.","Zuótiān wǎnshàng dùzi hěn bù shūfú, chīle dōngxi jiù tǔ, hái tǔle hǎo jǐ cì.","昨天晚上肚子很不舒服，吃了東西就吐，還吐了好幾次。"
"1","15","1303如玉你這麼不舒服我陪你去看病好不好.mp3","你這麼不舒服，我陪你去看病，好不好？","You are feeling that badly. I'll go with you to see a doctor. Okay?","Nǐ zhème bù shūfú, wǒ péi nǐ qù kànbìng, hǎo bù hǎo?","你這麼不舒服，我陪你去看病，好不好？"
"1","15","1304不用了我在臺灣沒有健康保險.mp3","不用了。我在臺灣沒有健康保險。","No need. I don't have health insurance in Taiwan.","Búyòng le. Wǒ zài Táiwān méi yǒu jiànkāng bǎoxiǎn.","不用了。我在臺灣沒有健康保險。"
"1","15","1305如玉那麼我陪你去學校的健康中心那裡的醫生很好對學生也很客氣.mp3","那麼，我陪你去學校的健康中心。那裡的醫生很好，對學生也很客氣。","Then I'll go with you to the school's health center. The doctors there are good, and they are polite to students.","Nàme, wǒ péi nǐ qù xuéxiào de jiànkāng zhōngxīn. Nàlǐ de yīshēng hěn hǎo, duì xuéshēng yě hěn kèqì.","那麼，我陪你去學校的健康中心。那裡的醫生很好，對學生也很客氣。"
"1","15","1306謝謝妳我想去藥局買藥就好了.mp3","謝謝妳。我想去藥局買藥就好了。","Thank you. I think I'll just buy some medicine at a drug store. That should do it.","Xièxie nǐ. Wǒ xiǎng qù yàojú mǎi yào jiù hǎo le.","謝謝妳。我想去藥局買藥就好了。"
"1","15","1307如玉你真的不去看病嗎.mp3","你真的不去看病嗎？","You're really not going to see a doctor?","Nǐ zhēnde bú qù kànbìng ma?","你真的不去看病嗎？"
"1","15","1308我想回家休息請妳跟老師說我生病了不能上課.mp3","我想回家休息。請妳跟老師說，我生病了，不能上課。","I just want to go home and rest. Please tell the teacher I am sick and I can't go to class.","Wǒ xiǎng huí jiā xiūxí. Qǐng nǐ gēn lǎoshī shuō, wǒ shēngbìng le, bù néng shàngkè.","我想回家休息。請妳跟老師說，我生病了，不能上課。"
"1","15","1309如玉好你自己要多小心油的冰的東西最好都別吃.mp3","好。你自己要多小心。油的、冰的東西最好都別吃。","Take care of yourself. You'd best not eat anything oily or cold.","Hǎo. Nǐ zìjǐ yào duō xiǎoxīn. Yóu de, bīng de dōngxi zuìhǎo dōu bié chī.","好。你自己要多小心。油的、冰的東西最好都別吃。"
"1","15","1310謝謝你的關心(如玉下課以後).mp3","謝謝你的關心。","Thank you for your concern.","Xièxie nǐ de guānxīn.","謝謝你的關心。"
"1","15","1311我來看你了現在覺得怎麼樣好一點了嗎.mp3","我來看你了。現在覺得怎麼樣？好一點了嗎？","I came to see you. How are you feeling now? Any better?","Wǒ lái kàn nǐ le. Xiànzài juéde zěnmeyàng? Hǎo yìdiǎn le ma?","我來看你了。現在覺得怎麼樣？好一點了嗎？"
"1","15","1312如玉謝謝妳好多了我吃了一包藥以後睡得比昨天好.mp3","謝謝妳，好多了。我吃了一包藥以後，睡得比昨天好。","Thanks. Much better now. I took a packet of medicine and slept a lot better than yesterday.","Xièxie nǐ, hǎo duō le. Wǒ chīle yì bāo yào yǐhòu, shuì de bǐ zuótiān hǎo.","謝謝妳，好多了。我吃了一包藥以後，睡得比昨天好。"
"1","15","1313不錯你睡了幾個小時的覺以後現在臉色比早上好得多了.mp3","不錯。你睡了幾個小時的覺以後，現在臉色比早上好得多了。","Good. After having slept for a few hours, you now look much better than this morning.","Búcuò. Nǐ shuìle jǐ ge xiǎoshí de jiào yǐhòu, xiànzài liǎnsè bǐ zǎoshàng hǎo de duō le.","不錯。你睡了幾個小時的覺以後，現在臉色比早上好得多了。"
"2","1","2001B2L01P1S01.mp3","你需要我幫忙嗎？","Do you need any help?","Nǐ xūyào wǒ bāngmáng ma?","你需要我幫忙嗎？"
"2","1","2002B2L01P1S02.mp3","我好像迷路了。","I think I am lost.","Wǒ hǎoxiàng mílù le.","我好像迷路了。"
"2","1","2003B2L01P1S03.mp3","你要去哪裡？","Where did you want to go?","Nǐ yào qù nǎlǐ?","你要去哪裡？"
"2","1","2004B2L01P1S04.mp3","請問，到師大怎麼走？","Could you tell me how to get to Shida?","Qǐngwèn, dào Shīdà zěnme zǒu?","請問，到師大怎麼走？"
"2","1","2005B2L01P1S05.mp3","你從這裡往前走，到了下一個路口，右轉⋯⋯","Go straight from here. When you reach the next intersection, turn right...","Nǐ cóng zhèlǐ wǎng qián zǒu, dào le xià yí ge lùkǒu, yòu zhuǎn ―","你從這裡往前走，到了下一個路口，右轉⋯⋯"
"2","1","2006B2L01P1S06.mp3","右轉就到了嗎？聽起來不遠。","Just turn right and I am there? Doesn’t seem very far.","Yòu zhuǎn jiù dào le ma? Tīng qǐlái bù yuǎn.","右轉就到了嗎？聽起來不遠。"
"2","1","2007B2L01P1S07.mp3","還沒到！你右轉以後，是和平東路一段，","Not yet. After you turn right, you will be on Heping East Road Section 1.","Hái méi dào! Nǐ yòu zhuǎn yǐhòu, shì Hépíng Dōng Lù yí duàn,","還沒到！你右轉以後，是和平東路一段，"
"2","1","2008B2L01P1S08.mp3","再往前一直走，過了第二個紅綠燈，就看見師大了。","Keep going straight. Once you cross the second traffic light, you will see NTNU.","zài wǎng qián yìzhí zǒu, guò le dì èr ge hónglǜdēng, jiù kànjiàn Shīdà le.","再往前一直走，過了第二個紅綠燈，就看見師大了。"
"2","1","2009B2L01P1S09.mp3","謝謝，我知道了。","Thank you. I understand.","Xièxie, wǒ zhīdào le.","謝謝，我知道了。"
"2","1","2010B2L01P1S10.mp3","你的中文很好。","Your Chinese is very good.","Nǐ de Zhōngwén hěn hǎo.","你的中文很好。"
"2","1","2011B2L01P1S11.mp3","謝謝，我還得多學一點。","Thank you. I still have more to learn.","Xièxie, wǒ hái děi duō xué yìdiǎn.","謝謝，我還得多學一點。"
"2","1","2012B2L01P1S12.mp3","能不能再告訴我，這附近有沒有提款機？","Can you also tell me how to find an ATM machine around here?","Néng bù néng zài gàosù wǒ, zhè fùjìn yǒu méi yǒu tíkuǎnjī?","能不能再告訴我，這附近有沒有提款機？"
"2","1","2013B2L01P1S13.mp3","從這裡往和平東路走，好像沒有銀行，","I don’t think there are any banks between here and Heping East Road,","Cóng zhèlǐ wǎng Hépíng Dōng Lù zǒu, hǎoxiàng méi yǒu yínháng,","從這裡往和平東路走，好像沒有銀行，"
"2","1","2014B2L01P1S14.mp3","不過大部分的超商裡應該都有。","but most supermarkets should have an ATM.","bú guò dà bùfèn de chāo-shāng lǐ yīnggāi dōu yǒu.","不過大部分的超商裡應該都有。"
"2","1","2015B2L01P1S15.mp3","你說的「超商」是「7-11」那種便利商店嗎？","By supermarket, do you mean convenience stores like 7/11?","Nǐ shuō de 「chāo-shāng」shì 「Qī-Shíyī」nà zhǒng biànlì shāngdiàn ma?","你說的「超商」是「7-11」那種便利商店嗎？"
"2","1","2016B2L01P1S16.mp3","是的。對了，郵局也可以提錢。","Yes. Oh, by the way, you can also withdraw money from the post office.","Shìde. Duì le, yóujú yě kěyǐ tí qián.","是的。對了，郵局也可以提錢。"
"2","1","2017B2L01P1S17.mp3","我看見了，那邊有一家便利商店。謝謝，謝謝！","I see a convenience store over there. Thank you very much.","Wǒ kànjiàn le, nà biān yǒu yìjiā biànlì shāngdiàn. Xièxie, xièxie!","我看見了，那邊有一家便利商店。謝謝，謝謝！"
"2","1","2018B2L01P1S18.mp3","不客氣。","You are welcome.","Bú kèqì.","不客氣。"
"2","1","2019B2L01P2S01.mp3","馬安同下載了新的地圖到手機裡，","Ma Anton downloaded a new map to his cell phone.","Mǎ Āntóng xiàzài le xīn de dìtú dào shǒujī lǐ,","馬安同下載了新的地圖到手機裡，"
"2","1","2020B2L01P2S02.mp3","他找白如玉跟他在師大附近走走，試試地圖好用不好用。","He went to see Bai Ruyu and asked her to accompany him on a walk around NTNU to try out the map functions.","tā zhǎo Bái Rúyù gēn tā zài Shīdà fùjìn zǒuzǒu, shìshì dìtú hǎoyòng bù hǎoyòng.","他找白如玉跟他在師大附近走走，試試地圖好用不好用。"
"2","1","2021B2L01P2S03.mp3","他們看著地圖，從學校門口往左轉，","Looking at the map, they turned left at the main entrance of the school.","Tāmen kànzhe dìtú, cóng xuéxiào ménkǒu wǎng zuǒ zhuǎn,","他們看著地圖，從學校門口往左轉，"
"2","1","2022B2L01P2S04.mp3","過了和平東路就到了師大路。","After crossing Heping East Road, they arrived at Shida Road.","guò le Hépíng Dōng Lù jiù dào le Shīdà Lù.","過了和平東路就到了師大路。"
"2","1","2023B2L01P2S05.mp3","在師大路上，他們看見很多賣小吃的店，","On Shida Road, they found a lot of eateries","Zài Shīdà Lù shàng, tāmen kànjiàn hěnduō mài xiǎochī de diàn,","在師大路上，他們看見很多賣小吃的店，"
"2","1","2024B2L01P2S06.mp3","也有賣衣服和日用品的商店。","as well as shops selling clothes and articles of daily use.","yě yǒu mài yīfú hàn rìyòngpǐn de shāngdiàn.","也有賣衣服和日用品的商店。"
"2","1","2025B2L01P2S07.mp3","他們經過兩個小巷子再右轉，","They took a right turn after a couple of small alleys.","Tāmen jīng guò liǎng ge xiǎo xiàngzi zài yòu zhuǎn,","他們經過兩個小巷子再右轉，"
"2","1","2026B2L01P2S08.mp3","這邊的商店比師大路的多。","There were more shops there than on Shida Road.","zhè biān de shāngdiàn bǐ Shīdà Lù de duō.","這邊的商店比師大路的多。"
"2","1","2027B2L01P2S09.mp3","他們逛了半天，白如玉覺得有一點餓，","After walking around for a while, Bai Ruyu was hungry.","Tāmen guàng le bàntiān, Bái Rúyù juéde yǒu yìdiǎn è,","他們逛了半天，白如玉覺得有一點餓，"
"2","1","2028B2L01P2S10.mp3","所以他們到一家麵店，點了兩碗牛肉麵。","They went to a noodle shop and ordered two bowls of beef noodles.","suǒyǐ tāmen dào yìjiā miàn diàn, diǎn le liǎng wǎn niúròu miàn.","所以他們到一家麵店，點了兩碗牛肉麵。"
"2","1","2029B2L01P2S11.mp3","他們一邊吃麵，一邊看著手機裡的地圖，","They checked out the map on the cell phone while eating","Tāmen yì biān chī miàn, yì biān kànzhe shǒujī lǐ de dìtú,","他們一邊吃麵，一邊看著手機裡的地圖，"
"2","1","2030B2L01P2S12.mp3","發現離麵店不遠的巷子裡有一家賣背包的店。","and noticed a backpack shop in an alley not too far from the noodle shop.","fāxiàn lí miàn diàn bù yuǎn de xiàngzi lǐ yǒu yìjiā mài bēibāo de diàn.","發現離麵店不遠的巷子裡有一家賣背包的店。"
"2","1","2031B2L01P2S13.mp3","馬安同正好想買一個背包，","Ma Anton was just thinking about getting a backpack,","Mǎ Āntóng zhènghǎo xiǎng mǎi yí ge bēibāo,","馬安同正好想買一個背包，"
"2","1","2032B2L01P2S14.mp3","所以決定吃了麵就到這家店去看看。","so they decided to go to the store after they finished eating.","suǒyǐ juédìng chī le miàn jiù dào zhè jiā diàn qù kànkàn.","所以決定吃了麵就到這家店去看看。"
"2","1","2033B2L01P2S15.mp3","最後，馬安同買了一個背包，","Ma Anton bought a backpack","Zuìhòu, Mǎ Āntóng mǎi le yí ge bēibāo,","最後，馬安同買了一個背包，"
"2","1","2034B2L01P2S16.mp3","白如玉也在附近買了兩枝筆和一本本子。","and Bai Ruyu bougth two pens and a notebook nearby.","Bái Rúyù yě zài fùjìn mǎi le liǎng zhī bǐ hàn yì běn běnzi.","白如玉也在附近買了兩枝筆和一本本子。"
"2","1","2035B2L01P2S17.mp3","馬安同和白如玉都覺得，逛師大附近的店真有意思，","Ma Anton and Bai Ruyu thought shopping in the NTNU area was fun","Mǎ Āntóng hàn Bái Rúyù dōu juéde, guàng Shīdà fùjìn de diàn zhēn yǒuyìsi,","馬安同和白如玉都覺得，逛師大附近的店真有意思，"
"2","1","2036B2L01P2S18.mp3","吃的東西和日用品也很便宜。","and that the food and articles for daily use were very inexpensive.","chī de dōngxi hàn rìyòngpǐn yě hěn piányí.","吃的東西和日用品也很便宜。"
"2","2","2037B2L02P1S1.mp3","安同，早！你要去哪裡？","Anton, good morning. Where are you going?","Āntóng，zǎo！ Nǐ yào qù nǎlǐ？","安同，早！你要去哪裡？"
"2","2","2038B2L02P1S2.mp3","早！我約了朋友一起去看電影，你呢？","Good morning! I am going to see a movie with some friends. And you?","Zǎo！ Wǒ yuē le péngyǒu yìqǐ qù kàn diànyǐng，nǐ ne？","早！我約了朋友一起去看電影，你呢？"
"2","2","2039B2L02P1S3.mp3","我要去看電腦展。","I am going to the computer show.","Wǒ yào qù kàn diànnǎo zhǎn.","我要去看電腦展。"
"2","2","2040B2L02P1S4.mp3","你去哪裡看電腦展？","Where are you going for the computer show?","Nǐ qù nǎlǐ kàn diànnǎo zhǎn？","你去哪裡看電腦展？"
"2","2","2041B2L02P1S5.mp3","世貿展覽館，我現在要去對面坐公車。","The World Trade Center Exhibition Hall. I am going across the street now to take the bus.","Shìmào Zhǎnlǎn Guǎn，wǒ xiànzài yào qù duìmiàn zuò gōngchē.","世貿展覽館，我現在要去對面坐公車。"
"2","2","2042B2L02P1S6.mp3","那裡離台北101不遠，妳怎麼不坐捷運呢？","/It's not too far from Taipei 101. Why don't you take the MRT there?","Nàlǐ lí Táiběi yī líng yī bù yuǎn，nǐ zěnme bú zuò jiéyùn ne？","那裡離台北101不遠，妳怎麼不坐捷運呢？"
"2","2","2043B2L02P1S7.mp3","朋友告訴我公車直接到展覽館，不必換車。","My friend said the bus goes directly to the exhibition hall. I don't have to change buses.","Péngyǒu gàosù wǒ gōngchē zhíjiē dào zhǎnlǎn guǎn，bú bì huàn chē.","朋友告訴我公車直接到展覽館，不必換車。"
"2","2","2044B2L02P1S8.mp3","坐捷運也很方便。妳先坐2號線到台北車站再換車到展覽館。","Taking the MRT is also very convenient. Take Line 2 to Taipei Main Station, transfer, and head to the exhibition hall.","Zuò jiéyùn yě hěn fāngbiàn. Nǐ xiān zuò èr hào xiàn dào Táiběi chēzhàn zài huàn chē dào zhǎnlǎn guǎn.","坐捷運也很方便。妳先坐2號線到台北車站再換車到展覽館。"
"2","2","2045B2L02P1S9.mp3","聽起來坐捷運比較麻煩。","It sounds like taking the MRT would be more of a hassle.","Tīng qǐlái zuò jiéyùn bǐjiào máfán.","聽起來坐捷運比較麻煩。"
"2","2","2046B2L02P1S10.mp3","一點也不麻煩，捷運比較快，坐公車要花一個多小時。","It's not a hassle at all. The MRT is faster. The bus will take at least an hour. ","Yìdiǎn yě bù máfán，jiéyùn bǐjiào kuài，zuò gōngchē yào huā yí ge duō xiǎoshí.","一點也不麻煩，捷運比較快，坐公車要花一個多小時。"
"2","2","2047B2L02P1S11.mp3","你還是坐捷運吧！","I think you should probably go ahead and take the MRT,","Nǐ háishì zuò jiéyùn ba！","你還是坐捷運吧！"
"2","2","2048B2L02P1S12.mp3","捷運站遠嗎？","Is the MRT station far?","Jiéyùnzhàn yuǎn ma？","捷運站遠嗎？"
"2","2","2049B2L02P1S13.mp3","捷運站就在前面。","It's just ahead.","Jiéyùnzhàn jiù zài qiánmiàn.","捷運站就在前面。"
"2","2","2050B2L02P1S14.mp3","謝謝！我得趕快走了。","Thanks! I have to go.","Xièxie！ Wǒ děi gǎnkuài zǒu le.","謝謝！我得趕快走了。"
"2","2","2051B2L02P1S15.mp3","別急，走慢一點。捷運的班次很多。","No need to hurry. Take your time. The trains are very frequent.","Bié jí，zǒu màn yìdiǎn. jiéyùn de bāncì hěnduō.","別急，走慢一點。捷運的班次很多。"
"2","2","2052B2L02P1S16.mp3","好，我們下禮拜見。","Ok. See you next week.","Hǎo，wǒmen xià lǐbài jiàn.","好，我們下禮拜見。"
"2","2","2053B2L02P2S1.mp3","如玉的朋友美美從法國到台灣來玩兩個禮拜，","Meimei, a friend of Ruyu, arrived in Taiwan from France to vacation for two weeks.","Rúyù de péngyǒu Měiměi cóng Fǎguó dào Táiwān lái wán liǎng ge lǐbài，","如玉的朋友美美從法國到台灣來玩兩個禮拜，"
"2","2","2054B2L02P2S2.mp3","她先從歐洲坐飛機到越南，再轉機到台灣。","She first took a plane from Europe and transferred in Vietnam for Taiwan.","tā xiān cóng Ōuzhōu zuò fēijī dào Yuènán，zài zhuǎnjī dào Táiwān.","她先從歐洲坐飛機到越南，再轉機到台灣。"
"2","2","2055B2L02P2S3.mp3","到了機場，美美直接坐巴士到台北。","After arriving at the airport, Meimei took a bus directly to Taipei.","Dào le jīchǎng，Měiměi zhíjiē zuò bāshì dào Táiběi.","到了機場，美美直接坐巴士到台北。"
"2","2","2056B2L02P2S4.mp3","如玉告訴她，在市區坐捷運是最方便的，","Ruyu told her that taking the MRT is the most convenient way to get around when in Taipei.","Rúyù gàosù tā，zài shìqū zuò jiéyùn shì zuì fāngbiàn de，","如玉告訴她，在市區坐捷運是最方便的，"
"2","2","2057B2L02P2S5.mp3","所以她下了巴士，就坐捷運到旅館去了。","So when she got off the bus she took the MRT to her hotel.","suǒyǐ tā xià le bāshì，jiù zuò jiéyùn dào lǚguǎn qù le.","所以她下了巴士，就坐捷運到旅館去了。"
"2","2","2058B2L02P2S6.mp3","美美覺得台北的交通非常便利，到處都有公車、計程車，","Meimei thinks public transportation in Taiwan is very convenient. There are buses and taxis everywhere","Měiměi juéde Táiběi de jiāotōng fēicháng biànlì，dàochù dōu yǒu gōngchē，jìchéngchē，","美美覺得台北的交通非常便利，到處都有公車、計程車，"
"2","2","2059B2L02P2S7.mp3","還有捷運，去哪裡都很方便。","and the MRT can take you anywhere.","hái yǒu jiéyùn，qù nǎlǐ dōu hěn fāngbiàn.","還有捷運，去哪裡都很方便。"
"2","2","2060B2L02P2S8.mp3","台北捷運的路線不複雜，車票也不貴，","The MRT system in Taipei is not complicated and fares are not expensive.","Táiběi jiéyùn de lùxiàn bú fùzá，chēpiào yě bú guì，","台北捷運的路線不複雜，車票也不貴，"
"2","2","2061B2L02P2S9.mp3","買一張悠遊卡，誰都可以輕輕鬆鬆地去逛逛。","Buying an EasyCard allows anyone to go check out any place easily.","mǎi yì zhāng yōuyóukǎ，shéi dōu kěyǐ qīngqīng sōngsōng de qù guàngguàng.","買一張悠遊卡，誰都可以輕輕鬆鬆地去逛逛。"
"2","2","2062B2L02P2S10.mp3","美美住在法國東部，沒有什麼機會到海邊。","Meimei lives in eastern France, so she does not have many oportunities to go to the seaside.","Měiměi zhù zài Fǎguó dōngbù，méi yǒu shénme jīhuì dào hǎibiān.","美美住在法國東部，沒有什麼機會到海邊。"
"2","2","2063B2L02P2S11.mp3","聽說台灣附近的小島，風景都很美，所以她決定到綠島去看看。","She heard that the scenery on the small islands near Taiwan are beautiful, so she has decided to go check out Green Island.","Tīngshuō Táiwān fùjìn de xiǎodǎo，fēngjǐng dōu hěn měi，suǒyǐ tā juédìng dào Lǜdǎo qù kànkàn.","聽說台灣附近的小島，風景都很美，所以她決定到綠島去看看。"
"2","2","2064B2L02P2S12.mp3","綠島在台灣的東南邊，到那裡不太方便。","Green Island is located to the southeast of Taiwan and getting there is not easy.","Lǜdǎo zài Táiwān de dōngnán bian，dào nàlǐ bú tài fāngbiàn.","綠島在台灣的東南邊，到那裡不太方便。"
"2","2","2065B2L02P2S13.mp3","美美得先坐火車到台東，再搭船或是飛機到綠島。","Meimei has to first take the train to Taitung, and then take a boat or plane to Green Island.","Měiměi děi xiān zuò huǒchē dào Táidōng，zài dā chuán huò shì fēijī dào Lǜdǎo.","美美得先坐火車到台東，再搭船或是飛機到綠島。"
"2","2","2066B2L02P2S14.mp3","她打算第二個星期去綠島，好好地玩一玩。","She plans to go to Green Island during her second week and have a really good time.","Tā dǎsuàn dì èr ge xīngqí qù Lǜdǎo，hǎohǎo de wán yì wán.","她打算第二個星期去綠島，好好地玩一玩。"
"2","3","2067B2L03P1S1.mp3","早，妳今天來得真早。","Good morning! You are early today.","Zǎo，nǐ jīntiān lái de zhēn zǎo.","早，妳今天來得真早。"
"2","3","2068B2L03P1S2.mp3","是啊！我今天是搭捷運來的。","Yes. I came by MRT.","Shì a！ Wǒ jīntiān shì dā jiéyùn lái de.","是啊！我今天是搭捷運來的。"
"2","3","2069B2L03P1S3.mp3","今天的考試，妳準備了嗎？","Are you ready for today's exam?","Jīntiān de kǎoshì，nǐ zhǔnbèi le ma？","今天的考試，妳準備了嗎？"
"2","3","2070B2L03P1S4.mp3","準備得差不多了，應該可以考得不錯。你覺得聽寫很容易吧？","I'm more or less ready. I think I'll do well on the test. Dictation is easy for you, right?","Zhǔnbèi de chābùduō le，yīnggāi kěyǐ kǎo de búcuò. Nǐ juéde tīngxiě hěn róngyì ba？","準備得差不多了，應該可以考得不錯。你覺得聽寫很容易吧？"
"2","3","2071B2L03P1S5.mp3","是啊，日本人從小學就開始學寫漢字。","Yes, Japanese start learning how to write kanji in grade school.","Shì a，Rìběn rén cóng xiǎoxué jiù kāishǐ xué xiě hànzì.","是啊，日本人從小學就開始學寫漢字。"
"2","3","2072B2L03P1S6.mp3","我現在也覺得寫字不難，因為我在美國念高中的時候就學過了。","I don't think writing is hard either, because I learned some in hight school back in the U.S.","Wǒ xiànzài yě juéde xiě zì bù nán，yīnwèi wǒ zài Měiguó niàn gāozhōng de shíhòu jiù xué guò le.","我現在也覺得寫字不難，因為我在美國念高中的時候就學過了。"
"2","3","2073B2L03P1S7.mp3","妳在這個語言中心學了多久了？","How long have you been studying at this language center?","Nǐ zài zhè ge yǔyán zhōngxīn xué le duōjiǔ le？","妳在這個語言中心學了多久了？"
"2","3","2074B2L03P1S8.mp3","我才學了半年，你呢？","I have only been here for half a year. And you?","Wǒ cái xué le bànnián，nǐ ne？","我才學了半年，你呢？"
"2","3","2075B2L03P1S9.mp3","我來了快一年了，可是我說話，還說得不夠流利。","I have been here for almost a year, but my speaking is still not fluent enough.","Wǒ lái le kuài yì nián le，kěshì wǒ shuōhuà，hái shuō de bú gòu liúlì.","我來了快一年了，可是我說話，還說得不夠流利。"
"2","3","2076B2L03P1S10.mp3","雖然我只來了半年，但是我知道我的中文進步了。","Even though I've only been here half a year, I know my Chinese has improved.","Suīrán wǒ zhǐ lái le bànnián，dànshì wǒ zhīdào wǒ de Zhōngwén jìnbù le.","雖然我只來了半年，但是我知道我的中文進步了。"
"2","3","2077B2L03P1S11.mp3","我覺得在說中文的環境裡學中文，進步得比較快。","I think learning Chinese in a Chinese-speaking environment helps you improve faster.","Wǒ juéde zài shuō Zhōngwén de huánjìng lǐ xué Zhōngwén，jìnbù de bǐjiào kuài.","我覺得在說中文的環境裡學中文，進步得比較快。"
"2","3","2078B2L03P1S12.mp3","我同意。我希望回國的時候能看中文報紙。","I agree. I hope when I return to my country, I can read Chinese newspapers.","Wǒ tóngyì. Wǒ xīwàng huíguó de shíhòu néng kàn Zhōngwén bàozhǐ.","我同意。我希望回國的時候能看中文報紙。"
"2","3","2079B2L03P1S13.mp3","我想妳一定可以。今天下了課，妳要去哪裡？","I think you will definitely be able to do it. Where will you go after classes today?","Wǒ xiǎng nǐ yídìng kěyǐ. Jīntiān xià le kè，nǐ yào qù nǎlǐ？","我想妳一定可以。今天下了課，妳要去哪裡？"
"2","3","2080B2L03P1S14.mp3","我要去活動中心跟語言交換的朋友見面。","I'm going to the activity center to meet with my language exchange partner.","Wǒ yào qù huódòng zhōngxīn gēn yǔyán jiāohuàn de péngyǒu jiànmiàn.","我要去活動中心跟語言交換的朋友見面。"
"2","3","2081B2L03P1S15.mp3","妳說的活動中心在哪裡？","Where is the activity center you mentioned?","Nǐ shuō de huódòng zhōngxīn zài nǎlǐ？","妳說的活動中心在哪裡？"
"2","3","2082B2L03P1S16.mp3","在一樓有麵包店的那棟樓裡面，","Inside that building with the bakery on the ground floor.","Zài yì lóu yǒu miànbāodiàn de nà dòng lóu lǐmiàn，","在一樓有麵包店的那棟樓裡面，"
"2","3","2083B2L03P1S17.mp3","我們一起去聽過一次演講，記得嗎？","We went there to listen to a speech, remember?","wǒmen yìqǐ qù tīng guò yí cì yǎnjiǎng，jìde ma？","我們一起去聽過一次演講，記得嗎？"
"2","3","2084B2L03P1S18.mp3","噢，我想起來了。","Oh yeah, I remember now.","Òu, wǒ xiǎngqǐ lái le.","噢，我想起來了。"
"2","3","2085B2L03P2S1.mp3","馬安同到師大來學中文，他選了每天上三個小時的課，","Ma Anton came to NTNU to take Chinese classes. He picked a daily three-hour class.","Mǎ Āntóng dào Shīdà lái xué Zhōngwén，tā xuǎn le měitiān shàng sān ge xiǎoshí de kè，","馬安同到師大來學中文，他選了每天上三個小時的課，"
"2","3","2086B2L03P2S2.mp3","下了課要寫作業，還要準備第二天的課。","After class he has to do homework assignments and prepare for the next day's class.","xià le kè yào xiě zuòyè，hái yào zhǔnbèi dì èr tiān de kè.","下了課要寫作業，還要準備第二天的課。"
"2","3","2087B2L03P2S3.mp3","馬安同剛開始學寫中國字，覺得真難，","When he first started learning how to write Chinese characters, Ma Anton thought it was very difficult,","Mǎ Āntóng gāng kāishǐ xué xiě Zhōngguó zì，juéde zhēn nán，","馬安同剛開始學寫中國字，覺得真難，"
"2","3","2088B2L03P2S4.mp3","所以每天都練習寫字，常常半夜十二點多才睡覺。","so he practiced every day. He often didn't go to bed until after midnigth.","suǒyǐ měitiān dōu liànxí xiě zì，chángcháng bànyè shí'èr diǎn duō cái shuìjiào.","所以每天都練習寫字，常常半夜十二點多才睡覺。"
"2","3","2089B2L03P2S5.mp3","雖然有點累，但是他很高興現在會寫很多字了。","It was a little tiring, but he is glad he knows how to write a lot of characters now.","Suīrán yǒudiǎn lèi，dànshì tā hěn gāoxìng xiànzài huì xiě hěnduō zì le.","雖然有點累，但是他很高興現在會寫很多字了。"
"2","3","2090B2L03P2S6.mp3","週末，馬安同比平常輕鬆多了。","Ma Anton is generally more relaxed on weekends than other times.","Zhōumò，Mǎ Āntóng bǐ píngcháng qīngsōng duō le.","週末，馬安同比平常輕鬆多了。"
"2","3","2091B2L03P2S7.mp3","他有時候搭捷運去貓空喝茶，有時候坐公車去陽明山爬山。","Sometimes, he takes the MRT to Maokong for tea. Sometimes, he takes a bus to Yangmingshan for a hike.","Tā yǒu shíhòu dā jiéyùn qù Māokōng hē chá，yǒu shíhòu zuò gōngchē qù Yángmíng Shān páshān.","他有時候搭捷運去貓空喝茶，有時候坐公車去陽明山爬山。"
"2","3","2092B2L03P2S8.mp3","爬山的時候，他認識了很多台灣人。","He meets a lot of Taiwanese on his hikes.","Páshān de shíhòu，tā rènshì le hěnduō Táiwān rén.","爬山的時候，他認識了很多台灣人。"
"2","3","2093B2L03P2S9.mp3","台灣人對外國人很好，常常跟馬安同聊天，告訴他一些台灣的文化。","Taiwanese are very friendly to foreigners and often talk with Ma Anton and tell him some things about Taiwanese culture.","Táiwān rén duì wàiguó rén hěn hǎo，chángcháng gēn Mǎ Āntóng liáotiān，gàosù tā yìxiē Táiwān de wénhuà.","台灣人對外國人很好，常常跟馬安同聊天，告訴他一些台灣的文化。"
"2","3","2094B2L03P2S10.mp3","馬安同有一個語言交換的朋友，","Ma Anton has a language exchange partner.","Mǎ Āntóng yǒu yí ge yǔyán jiāohuàn de péngyǒu，","馬安同有一個語言交換的朋友，"
"2","3","2095B2L03P2S11.mp3","他們一有空，就拿著地圖搭捷運去逛逛。","Whenever they have time, they take the MRT and explore the town with a map.","tāmen yì yǒu kòng，jiù názhe dìtú dā jiéyùn qù guàngguàng.","他們一有空，就拿著地圖搭捷運去逛逛。"
"2","3","2096B2L03P2S12.mp3","安同喜歡看捷運上的廣告，","Anton likes to read the ads on the MRT.","Āntóng xǐhuān kàn jiéyùn shàng de guǎnggào，","安同喜歡看捷運上的廣告，"
"2","3","2097B2L03P2S13.mp3","要是有沒學過的字，他就會問那位朋友怎麼說。","When he comes across a word that he doesn't know, he asks his friend how to say it.","yàoshì yǒu méi xué guò de zì，tā jiù huì wèn nà wèi péngyǒu zěnme shuō.","要是有沒學過的字，他就會問那位朋友怎麼說。"
"2","3","2098B2L03P2S14.mp3","他覺得到處走走，可以了解台灣人的生活，","He feels that walking around helps him unterstand how Taiwanese live","Tā juéde dàochù zǒuzǒu，kěyǐ liǎojiě Táiwān rén de shēnghuó，","他覺得到處走走，可以了解台灣人的生活，"
"2","3","2099B2L03P2S15.mp3","也可以練習練習中文，哪裡都能學中文，真是不錯。","and at the same time he can practice his Chinese. It is wonderful that you can learn Chinese anywhere you go.","yě kěyǐ liànxí liànxí Zhōngwén，nǎlǐ dōu néng xué Zhōngwén，zhēnshì búcuò.","也可以練習練習中文，哪裡都能學中文，真是不錯。"
"2","4","2100B2L04P1S1.mp3","請坐，妳是高美玲嗎？","Please sit down. Are you Gao Meiling?","Qǐng zuò，nǐ shì Gāo Měilíng ma？","請坐，妳是高美玲嗎？"
"2","4","2101B2L04P1S2.mp3","是。您好。","Yes. How are you?","Shì. Nín hǎo.","是。您好。"
"2","4","2102B2L04P1S3.mp3","請妳先介紹一下自己。","Please tell me a little bit about yourself.","Qǐng nǐ xiān jièshào yíxià zìjǐ.","請妳先介紹一下自己。"
"2","4","2103B2L04P1S4.mp3","我叫高美玲，是法國人，今年二十八歲，現在在師大學中文。","My name is Gao Meiling. I am French and I am 28 years old. I am currently studying Chinese at NTNU.","Wǒ jiào Gāo Měilíng，shì Fǎguó rén，jīnnián èrshíbā suì，xiànzài zài Shīdà xué Zhōngwén.","我叫高美玲，是法國人，今年二十八歲，現在在師大學中文。"
"2","4","2104B2L04P1S5.mp3","我念大學的時候上過亞洲文化和語言學。","I studied Asian culture and linguistics in college.","wǒ niàn dàxué de shíhòu shàng guò Yàzhōu wénhuà hàn yǔyánxué.","我念大學的時候上過亞洲文化和語言學。"
"2","4","2105B2L04P1S6.mp3","妳有沒有教法文的經驗？請妳談一談。","Do you have any experience teaching French? Please share.","Nǐ yǒu méi yǒu jiāo fǎwén de jīngyàn？ Qǐng nǐ tán yì tán.","妳有沒有教法文的經驗？請妳談一談。"
"2","4","2106B2L04P1S7.mp3","有。我當過語言助教，那時候的學生都是外國人。","Yes I do. I was a teaching assistent. All the students were foreigners.","Yǒu. Wǒ dāng guò yǔyán zhùjiào，nà shíhòu de xuéshēng dōu shì wàiguó rén.","有。我當過語言助教，那時候的學生都是外國人。"
"2","4","2107B2L04P1S8.mp3","妳一個星期能來幾天？","How many days a week can you come?","Nǐ yí ge xīngqí néng lái jǐ tiān？","妳一個星期能來幾天？"
"2","4","2108B2L04P1S9.mp3","我現在上午學中文，下午兩點以後都可以，","I have Chinese classes in the mornigns, so any time after 2 o'clock is fine,","Wǒ xiànzài shàngwǔ xué Zhōngwén，xiàwǔ liǎng diǎn yǐhòu dōu kěyǐ，","我現在上午學中文，下午兩點以後都可以，"
"2","4","2109B2L04P1S10.mp3","但是我希望一個禮拜教三天就好了。","but I hope to teach three days a week.","dànshì wǒ xīwàng yí ge lǐbài jiāo sān tiān jiù hǎo le.","但是我希望一個禮拜教三天就好了。"
"2","4","2110B2L04P1S11.mp3","妳除了法文、中文，還會什麼語言？","Other than French and Chinese, can you speak any other languages?","Nǐ chú le Fǎwén，Zhōngwén，hái huì shénme yǔyán？","妳除了法文、中文，還會什麼語言？"
"2","4","2111B2L04P1S12.mp3","我還會說西班牙語和英文。","I can also speak Spanish and English.","Wǒ hái huì shuō Xībānyá yǔ hàn Yīngwén.","我還會說西班牙語和英文。"
"2","4","2112B2L04P1S13.mp3","妳教過西班牙語嗎？","Have you ever thaught Spanish?","Nǐ jiāo guò Xībānyá yǔ ma？","妳教過西班牙語嗎？"
"2","4","2113B2L04P1S14.mp3","我大學三年級的暑假，當過西班牙語老師。","I was a Spanish instructor during summer break when I was a junior in college.","Wǒ dàxué sān niánjí de shǔjià，dāng guò Xībānyá yǔ lǎoshī.","我大學三年級的暑假，當過西班牙語老師。"
"2","4","2114B2L04P1S15.mp3","妳的工作經驗聽起來很不錯。","You seem to have pretty good work experience.","Nǐ de gōngzuò jīngyàn tīng qǐlái hěn búcuò.","妳的工作經驗聽起來很不錯。"
"2","4","2115B2L04P1S16.mp3","謝謝您。對了，我想請教一下，貴中心老師的薪水怎麼算？","Thank you. Oh yes, I would like to ask how much your instructors are paid?","Xièxie nín. Duì le，wǒ xiǎng qǐngjiào yíxià，guì zhōngxīn lǎoshī de xīnshuǐ zěnme suàn？","謝謝您。對了，我想請教一下，貴中心老師的薪水怎麼算？"
"2","4","2116B2L04P1S17.mp3","我們是按照大學教授的鐘點費算的。薪水跟大學老師的一樣。","We calculate their pay in accordance with the hourly pay of a professor. The pay is the same as that of university instructors.","Wǒmen shì ànzhào dàxué jiàoshòu de zhōngdiǎnfèi suàn de. Xīnshuǐ gēn dàxué lǎoshī de yíyàng.","我們是按照大學教授的鐘點費算的。薪水跟大學老師的一樣。"
"2","4","2117B2L04P1S18.mp3","我很想試試這份工作。","I would very much like to give this job a try.","Wǒ hěn xiǎng shìshì zhè fèn gōngzuò.","我很想試試這份工作。"
"2","4","2118B2L04P1S19.mp3","歡迎妳，妳下個月一號就可以來嗎？","We welcome you. Can you come on the first of next month?","Huānyíng nǐ，nǐ xià ge yuè yī hào jiù kěyǐ lái ma？","歡迎妳，妳下個月一號就可以來嗎？"
"2","4","2119B2L04P1S20.mp3","可以的。謝謝。","Yes. Thank you.","Kěyǐ de. Xièxie.","可以的。謝謝。"
"2","4","2120B2L04P2S1.mp3","高美玲來了一年了，按照台灣的法律，她已經可以打工了，","Gao Meiling has been living here for one year already. According to the law, she can work part-time in Taiwan,","Gāo Měilíng lái le yì nián le，ànzhào Táiwān de fǎlǜ，tā yǐjīng kěyǐ dǎgōng le，","高美玲來了一年了，按照台灣的法律，她已經可以打工了，"
"2","4","2121B2L04P2S2.mp3","所以她的台灣朋友給她介紹了一個在大學語言中心教法文的工作。","so her Taiwanese friend introduced her to a French teaching job at a college language center.","suǒyǐ tā de Táiwān péngyǒu gěi tā jièshào le yí ge zài dàxué yǔyán zhōngxīn jiāo fǎwén de gōngzuò.","所以她的台灣朋友給她介紹了一個在大學語言中心教法文的工作。"
"2","4","2122B2L04P2S3.mp3","雖然高美玲覺得自己的經驗還不夠，可是決定去試一試。","Despite feeling not experienced enough,","Suīrán Gāo Měilíng juéde zìjǐ de jīngyàn hái búgòu，kěshì juédìng qù shì yí shì.","雖然高美玲覺得自己的經驗還不夠，可是決定去試一試。"
"2","4","2123B2L04P2S4.mp3","所以她帶著履歷表到語言中心去跟主任面談。","Gao Meiling brought her resume along with her to the language center for an interview with the director.","Suǒyǐ tā dàizhe lǚlìbiǎo dào yǔyán zhōngxīn qù gēn zhǔrèn miàntán.","所以她帶著履歷表到語言中心去跟主任面談。"
"2","4","2124B2L04P2S5.mp3","這位主任姓黃，是法國華僑，","The director's name is Huang. He is an overseas Chinese from France","Zhè wèi zhǔrèn xìng Huáng，shì Fǎguó huáqiáo，","這位主任姓黃，是法國華僑，"
"2","4","2125B2L04P2S6.mp3","在台灣住了十幾年，他也在大學工作了十年了。","who has been living in Taiwan for over a decade. He has also worked at the university for ten years.","zài Táiwān zhù le shí jǐ nián，tā yě zài dàxué gōngzuò le shí nián le.","在台灣住了十幾年，他也在大學工作了十年了。"
"2","4","2126B2L04P2S7.mp3","高美玲在辦公室跟他談話的時候，他先問高美玲在法國的工作經驗，","When they spoke at the office, he first asked Gao Meiling about her teaching experience in France.","Gāo Měilíng zài bàngōngshì gēn tā tánhuà de shíhòu，tā xiān wèn Gāo Měilíng zài Fǎguó de gōngzuò jīngyàn，","高美玲在辦公室跟他談話的時候，他先問高美玲在法國的工作經驗，"
"2","4","2127B2L04P2S8.mp3","再問她在台灣學中文跟生活的情形。","He then asked her about her Chinese studies and life in Taiwan.","zài wèn tā zài Táiwān xué Zhōngwén gēn shēnghuó de qíngxíng.","再問她在台灣學中文跟生活的情形。"
"2","4","2128B2L04P2S9.mp3","黃主任覺得高美玲的經驗很適合這份工作。","Director Huang believes Gao Meiling's experience makes her suitable to the job.","Huáng zhǔrèn juéde Gāo Měilíng de jīngyàn hěn shìhé zhè fèn gōngzuò.","黃主任覺得高美玲的經驗很適合這份工作。"
"2","4","2129B2L04P2S10.mp3","黃主任也給高美玲介紹了上課的書，","Director Huang also told Gao Meiling about the books she would be using in class","Huáng zhǔrèn yě gěi Gāo Měilíng jièshào le shàngkè de shū，","黃主任也給高美玲介紹了上課的書，"
"2","4","2130B2L04P2S11.mp3","還跟她說明了工作環境。","and described the work environment for her.","hái gēn tā shuōmíng le gōngzuò huánjìng.","還跟她說明了工作環境。"
"2","4","2131B2L04P2S12.mp3","然後，黃主任告訴高美玲，薪水按照工作的時間算，","Afterward, he told her that pay is calculated based on the number of hours worked","Ránhòu，Huáng zhǔrèn gàosù Gāo Měilíng，xīnshuǐ ànzhào gōngzuò de shíjiān suàn，","然後，黃主任告訴高美玲，薪水按照工作的時間算，"
"2","4","2132B2L04P2S13.mp3","每個月的月底發薪水。","and that pay is issued at the end of each month.","měi ge yuè de yuèdǐ fā xīnshuǐ.","每個月的月底發薪水。"
"2","4","2133B2L04P2S14.mp3","高美玲覺得這份工作聽起來很不錯，所以馬上就答應了。","Gao Meiling felt that the job sounded good, so she accepted it immediately.","Gāo Měilíng juéde zhè fèn gōngzuò tīng qǐlái hěn búcuò，suǒyǐ mǎshàng jiù dāyìng le.","高美玲覺得這份工作聽起來很不錯，所以馬上就答應了。"
"2","4","2134B2L04P2S15.mp3","黃主任對她說，下個月一號就開始上班。","Director Huang told her to start on the first of the following month.","Huáng zhǔrèn duì tā shuō，xià ge yuè yī hào jiù kāishǐ shàngbān.","黃主任對她說，下個月一號就開始上班。"
"2","4","2135B2L04P2S16.mp3","高美玲沒想到這次的面談這麼順利。","Gao Meiling didn't expect the interview to go so smoothly.","Gāo Měilíng méi xiǎngdào zhècì de miàntán zhème shùnlì.","高美玲沒想到這次的面談這麼順利。"
"2","5","2136B2L05P1S1.mp3","安同，你們來了。","Anton, you're here!","Āntóng，nǐmen lái le.","安同，你們來了。"
"2","5","2137B2L05P1S2.mp3","恭喜！恭喜！明華，這是我常跟你說的高美玲。","Congratulations! Minghua, this is Gao Meiling whom I have mentioned to you a number of times.","Gōngxǐ！ Gōngxǐ！ Mínghuá，zhè shì wǒ cháng gēn nǐ shuō de Gāo Měilíng.","恭喜！恭喜！明華，這是我常跟你說的高美玲。"
"2","5","2138B2L05P1S3.mp3","美玲，他就是新娘的哥哥，李明華。","Meiling, this is the bride's older brother, Li Minghua.","Měilíng，tā jiù shì xīnniáng de gēge，Lǐ Mínghuá.","美玲，他就是新娘的哥哥，李明華。"
"2","5","2139B2L05P1S4.mp3","李先生，恭喜你們！謝謝你請我們來參加你妹妹的婚禮。","Mr. Li, congratulations to all of you! Thank you for inviting us to your sister's wedding.","Lǐ xiānshēng，gōngxǐ nǐmen！ Xièxie nǐ qǐng wǒmen lái cānjiā nǐ mèimei de hūnlǐ.","李先生，恭喜你們！謝謝你請我們來參加你妹妹的婚禮。"
"2","5","2140B2L05P1S5.mp3","你太客氣了。安同，你今天穿西裝真好看。","Don't mention it. Anton, you look great in your suit today.","Nǐ tài kèqì le. Āntóng，nǐ jīntiān chuān xīzhuāng zhēn hǎokàn.","你太客氣了。安同，你今天穿西裝真好看。"
"2","5","2141B2L05P1S6.mp3","謝謝，參加婚禮應該要穿得很正式。","Thank you. You need to dress formally for weddings.","Xièxie，cānjiā hūnlǐ yīnggāi yào chuān de hěn zhèngshì.","謝謝，參加婚禮應該要穿得很正式。"
"2","5","2142B2L05P1S7.mp3","客人怎麼都還沒到？","How come none of the (other) guests are here yet?","Kèrén zěnme dōu hái méi dào？","客人怎麼都還沒到？"
"2","5","2143B2L05P1S8.mp3","現在才六點，婚禮六點半開始，時間還早。","It's only 6:00 and the wedding doesn't start until 6:30. It's still early.","Xiànzài cái liùdiǎn，hūnlǐ liùdiǎnbàn kāishǐ，shíjiān hái zǎo.","現在才六點，婚禮六點半開始，時間還早。"
"2","5","2144B2L05P1S9.mp3","明華，手裡拿著照相機的那個人是誰？","Minghua, who is that person holding the camera?","Mínghuá，shǒu lǐ názhe zhàoxiàngjī de nà ge rén shì shéi？","明華，手裡拿著照相機的那個人是誰？"
"2","5","2145B2L05P1S10.mp3","他是新郎的弟弟。","That is the bridegroom's younger brother.","Tā shì xīnláng de dìdi.","他是新郎的弟弟。"
"2","5","2146B2L05P1S11.mp3","新郎呢？","And the groom?","Xīnláng ne？","新郎呢？"
"2","5","2147B2L05P1S12.mp3","他在門口站著跟客人說話。","He is at the entrance talking with guests.","Tā zài ménkǒu zhànzhe gēn kèrén shuōhuà.","他在門口站著跟客人說話。"
"2","5","2148B2L05P1S13.mp3","哪一個？","Which one is he?","Nǎ yíge？","哪一個？"
"2","5","2149B2L05P1S14.mp3","就是穿著白西裝的那個。","The one in the white suit.","jiù shì chuānzhe báixīzhuāng de nàge.","就是穿著白西裝的那個。"
"2","5","2150B2L05P1S15.mp3","新郎看起來好帥。","The groom looks handsome.","Xīnláng kàn qǐlái hǎo shuài.","新郎看起來好帥。"
"2","5","2151B2L05P1S16.mp3","你看，那邊那位穿著紅色禮服，跟客人說話的太太是誰？","Look. Who is that lady in the red gown talking with the guests?","Nǐ kàn，nà biān nà wèi chuānzhe hóngsè lǐfú，gēn kèrén shuōhuà de tàitài shì shéi？","你看，那邊那位穿著紅色禮服，跟客人說話的太太是誰？"
"2","5","2152B2L05P1S17.mp3","那是新郎的媽媽。","That's the groom's mom.","Nà shì xīnláng de māma.","那是新郎的媽媽。"
"2","5","2153B2L05P1S18.mp3","她看起來好高興啊！怎麼沒看見新娘呢？","She looks so happy. How come I haven't seen the bride?","Tā kàn qǐlái hào gāoxìng a！ Zěnme méi kànjiàn xīnniáng ne？","她看起來好高興啊！怎麼沒看見新娘呢？"
"2","5","2154B2L05P1S19.mp3","等一下你們就會看見她了。","You will see her in a moment. ","Děng yíxià nǐmen jiù huì kànjiàn tā le.","等一下你們就會看見她了。"
"2","5","2155B2L05P1S20.mp3","婚禮要開始了，我帶你們去你們的座位吧！","The wedding is about to start. Let me take you to your seats.","Hūnlǐ yào kāishǐ le，wǒ dài nǐmen qù nǐmen de zuòwèi ba！","婚禮要開始了，我帶你們去你們的座位吧！"
"2","5","2156B2L05P2S1.mp3","李明華請安同和美玲去參加他妹妹的婚禮，","Li Minghua invited Anton and Meiling to his sister's wedding.","Lǐ Mínghuá qǐng Āntóng hàn Měilíng qù cānjiā tā mèimei de hūnlǐ，","李明華請安同和美玲去參加他妹妹的婚禮，"
"2","5","2157B2L05P2S2.mp3","這是安同他們第一次去吃喜酒。","This is the first time Anton and Meiling have attended a Chinese wedding banquet.","zhè shì Āntóng tāmen dì yīcì qù chī xǐjiǔ.","這是安同他們第一次去吃喜酒。"
"2","5","2158B2L05P2S3.mp3","李明華告訴他們，在台灣，要結婚的人大部分都會找一個好日子，","Li Minghua told them that most couples in Taiwan pick an auspicous day for their wedding","Lǐ Mínghuá gàosù tāmen，zài Táiwān，yào jiéhūn de rén dàbùfèn dōu huì zhǎo yí ge hǎo rìzi，","李明華告訴他們，在台灣，要結婚的人大部分都會找一個好日子，"
"2","5","2159B2L05P2S4.mp3","請親戚、朋友一起吃飯，熱熱鬧鬧地慶祝這件喜事。","and invite family and friends to a meal to celebrate the happy occaion.","qǐng qīnqī，péngyǒu yìqǐ chīfàn，rèrè nàonào de qìngzhù zhè jiàn xǐshì.","請親戚、朋友一起吃飯，熱熱鬧鬧地慶祝這件喜事。"
"2","5","2160B2L05P2S5.mp3","請客的那天，新郎、新娘，還有來吃喜酒的客人都穿得漂漂亮亮的。","On that day, the bridegroom, the bride, and the guests that come for the reception all dress up nicely.","Qǐngkè de nèitiān，xīnláng，xīnniáng，hái yǒu lái chī xǐjiǔ de kèrén dōu chuān de piàopiào liàngliàng de.","請客的那天，新郎、新娘，還有來吃喜酒的客人都穿得漂漂亮亮的。"
"2","5","2161B2L05P2S6.mp3","來參加的客人都會準備一個紅包送新人。","Guests (who come) prepare a red envelope for the newlyweds.","Lái cānjiā de kèrén dōu huì zhǔnbèi yí ge hóngbāo sòng xīnrén.","來參加的客人都會準備一個紅包送新人。"
"2","5","2162B2L05P2S7.mp3","等客人都到了，喜宴就開始了。","After all the guests have arrived, the banquet begins.","Děng kèrén dōu dào le，xǐyàn jiù kāishǐ le.","等客人都到了，喜宴就開始了。"
"2","5","2163B2L05P2S8.mp3","大家吃了一會兒，有的人忙著到處敬酒，有的人忙著跟朋友聊天，","After everyone has eaten for a while, some people busy themselves going around toasting others, while some others busy themselves chatting with friends.","Dàjiā chī le yìhuǐr，yǒu de rén mángzhe dàochù jìngjiǔ，yǒu de rén mángzhe gēn péngyǒu liáotiān，","大家吃了一會兒，有的人忙著到處敬酒，有的人忙著跟朋友聊天，"
"2","5","2164B2L05P2S9.mp3","大人有說有笑，小孩有吃有喝，熱鬧得不得了。","Adults chat and laugh, while children eat and drink. It is all very lively.","dàrén yǒu shuō yǒu xiào，xiǎohái yǒu chī yǒu hē，rènào de bùdéliǎo.","大人有說有笑，小孩有吃有喝，熱鬧得不得了。"
"2","5","2165B2L05P2S10.mp3","大家吃著吃著，新郎、新娘和他們的父母就來敬酒了。","While guests are eating, the bridegroom, the bride, and their parents come to make a toast.","Dàjiā chīzhe chīzhe，xīnláng，xīnniáng hàn tāmen de fùmǔ jiù lái jìngjiǔ le.","大家吃著吃著，新郎、新娘和他們的父母就來敬酒了。"
"2","5","2166B2L05P2S11.mp3","客人也會祝新人百年好合、早生貴子。","Guests congratulate the newlyweds by whishing them a long, happy life together as well as the prompt birth of a child.","Kèrén yě huì zhù xīnrén bǎinián hǎo hé，zǎoshēng guìzǐ.","客人也會祝新人百年好合、早生貴子。"
"2","5","2167B2L05P2S12.mp3","等喜酒吃得差不多了，新娘會換另外一件漂亮的禮服，","When the reception is just about over, the bride changes into another beautiful gown","Děng xǐjiǔ chī de chābùduō le，xīnniáng huì huàn lìngwài yí jiàn piàoliàng de lǐfú，","等喜酒吃得差不多了，新娘會換另外一件漂亮的禮服，"
"2","5","2168B2L05P2S13.mp3","跟新郎拿著糖在門口送客人離開。","and stands at the doorway holding candy to see the guests off at the entrance.","gēn xīnláng názhe táng zài ménkǒu sòng kèrén líkāi.","跟新郎拿著糖在門口送客人離開。"
"2","5","2169B2L05P2S14.mp3","這個時候很多人會跟新人一起照相，再多說幾句祝福的話。","At this time, many of them take pictures with the couple and offer them more words of blessing.","Zhè ge shíhòu hěnduō rén huì gēn xīnrén yìqǐ zhàoxiàng，zài duō shuō jǐ jù zhùfú de huà.","這個時候很多人會跟新人一起照相，再多說幾句祝福的話。"
"2","5","2170B2L05P2S15.mp3","等客人都回去了，喜宴就結束了。","When all guests are gone, the wedding reception comes to an end.","Děng kèrén dōu huíqù le，xǐyàn jiù jiéshù le.","等客人都回去了，喜宴就結束了。"
"2","6","2171B2L06P1S1.mp3","你在做什麼？要不要到河邊的公園去騎騎腳踏車？","What are you up to? Would you like to go cycling in Riverside Park?","Nǐ zài zuò shénme？ Yào bú yào dào hébiān de gōngyuán qù qí qí jiǎotàchē？","你在做什麼？要不要到河邊的公園去騎騎腳踏車？"
"2","6","2172B2L06P1S2.mp3","我正在網站上找租房子的資料。","I am online looking for information on renting houses.","Wǒ zhèngzài wǎngzhàn shàng zhǎo zū fángzi de zīliào.","我正在網站上找租房子的資料。"
"2","6","2173B2L06P1S3.mp3","我聽說你打算搬家？","I heard you are planning to move.","Wǒ tīngshuō nǐ dǎsuàn bānjiā？","我聽說你打算搬家？"
"2","6","2174B2L06P1S4.mp3","是啊，我想搬到離學校近一點的地方。","Yes. I want to move to some place closer to school.","Shì a，wǒ xiǎng bān dào lí xuéxiào jìn yìdiǎn de dìfāng.","是啊，我想搬到離學校近一點的地方。"
"2","6","2175B2L06P1S5.mp3","可是我記得你三個月以前才搬到這裡的。","But I recall that you moved here just three months ago.","Kěshì wǒ jìde nǐ sān ge yuè yǐqián cái bān dào zhèlǐ de.","可是我記得你三個月以前才搬到這裡的。"
"2","6","2176B2L06P1S6.mp3","對，我的合約還沒到期。","Right, my contract is not up yet.","Duì，wǒ de héyuē hái méi dào qí.","對，我的合約還沒到期。"
"2","6","2177B2L06P1S7.mp3","還好我有一個同學喜歡這個環境，他可以搬到這裡來住。","It's a good thing I have a classmate who likes this area and is able to move in.","Háihǎo wǒ yǒu yí ge tóngxué xǐhuān zhè ge huánjìng，tā kěyǐ bān dào zhèlǐ lái zhù.","還好我有一個同學喜歡這個環境，他可以搬到這裡來住。"
"2","6","2178B2L06P1S8.mp3","你想找什麼樣的房子？","What kind of house (or apartment) are you looking for?","Nǐ xiǎng zhǎo shénme yàng de fángzi？","你想找什麼樣的房子？"
"2","6","2179B2L06P1S9.mp3","我先找捷運站附近的房子。還有，環境好、光線好也很重要。","First, I'm looking for a place close to the MRT. Moreover, a nice neighbourhood and good lighting are also important.","Wǒ xiān zhǎo jiéyùn zhàn fùjìn de fángzi. Hái yǒu，huánjìng hǎo，guāngxiàn hǎo yě hěn zhòngyào.","我先找捷運站附近的房子。還有，環境好、光線好也很重要。"
"2","6","2180B2L06P1S10.mp3","捷運站附近的房子比較貴吧？","Aren't apartments near the MRT more expensive?","Jiéyùn zhàn fùjìn de fángzi bǐjiào guì ba？","捷運站附近的房子比較貴吧？"
"2","6","2181B2L06P1S11.mp3","如果太貴，我再找別的地方。","If it is too expensive I'll look elsewhere.","Rúguǒ tài guì，wǒ zài zhǎo biéde dìfāng.","如果太貴，我再找別的地方。"
"2","6","2182B2L06P1S12.mp3","捷運站那麼多，我想應該有合適的。","There are plenty of MRT stations, so there should be a suitable place.","Jiéyùn zhàn nàme duō，wǒ xiǎng yīnggāi yǒu héshì de.","捷運站那麼多，我想應該有合適的。"
"2","6","2183B2L06P1S13.mp3","如果你搬家了，我就少了一個朋友跟我練習中文。好可惜！","If you move, I will have one less friend to practice Chinese with. That's too bad.","Rúguǒ nǐ bānjiā le，wǒ jiù shǎo le yí ge péngyǒu gēn wǒ liànxí Zhōngwén. Hǎo kěxí！","如果你搬家了，我就少了一個朋友跟我練習中文。好可惜！"
"2","6","2184B2L06P1S14.mp3","我會常來啊。","I will come often.","Wǒ huì cháng lái a.","我會常來啊。"
"2","6","2185B2L06P1S15.mp3","我不會把東西都搬到新家，","I won't be moving everything to the new place.","wǒ bú huì bǎ dōngxi dōu bān dào xīnjiā，","我不會把東西都搬到新家，"
"2","6","2186B2L06P1S16.mp3","有一些東西，我會送給朋友或是先放在這裡。","I will give some things to my friend or just store them here for now.","yǒu yìxiē dōngxi，wǒ huì sòng gěi péngyǒu huò shì xiān fàng zài zhèlǐ.","有一些東西，我會送給朋友或是先放在這裡。"
"2","6","2187B2L06P1S17.mp3","那麼，你要付兩邊的房租啊？","So, you're going to pay rent for both places?","Nàme，nǐ yào fù liǎngbiān de fángzū a？","那麼，你要付兩邊的房租啊？"
"2","6","2188B2L06P1S18.mp3","這裡的房租當然是我同學付，他還願意開車幫我搬家。","My classmate would obviously pay for the rent here. He is even willing to use his car to help me move.","Zhèlǐ de fángzū dāngrán shì wǒ tóngxué fù，tā hái yuànyì kāichē bāng wǒ bānjiā.","這裡的房租當然是我同學付，他還願意開車幫我搬家。"
"2","6","2189B2L06P1S19.mp3","你同學真好！","He's so nice!","Nǐ tóngxué zhēn hǎo！","你同學真好！"
"2","6","2190B2L06P1S20.mp3","是啊！他是我在台灣最好的朋友。","Yeah! He is my best friend in Taiwan.","Shì a！ Tā shì wǒ zài Táiwān zuì hǎo de péngyǒu.","是啊！他是我在台灣最好的朋友。"
"2","6","2191B2L06P1S21.mp3","妳再等我一下，我把資料存在隨身碟裡。","Give me another minute. I need to save the information on my flash drive.","Nǐ zài děng wǒ yíxià，wǒ bǎ zīliào cúnzài suíshēn dié lǐ.","妳再等我一下，我把資料存在隨身碟裡。"
"2","6","2192B2L06P1S22.mp3","慢慢來，不急！等一會兒我們再去騎腳踏車。","Take your time. No rush. We'll go cycling a bit later.","Mànmàn lái，bù jí！ Děng yìhuǐr wǒmen zài qù qí jiǎotàchē.","慢慢來，不急！等一會兒我們再去騎腳踏車。"
"2","6","2193B2L06P2S1.mp3","李東健租的房子離師大相當遠，","Li Dongjian's apartment is rather far from NTNU.","Lǐ Dōngjiàn zū de fángzi lí Shīdà xiāngdāng yuǎn，","李東健租的房子離師大相當遠，"
"2","6","2194B2L06P2S2.mp3","每天騎自行車到學校都得花一個小時左右，他覺得很不方便，","It takes him about an hour to get to school by bike every day. He feels that's really inconvenient,","měitiān qí zìxíngchē dào xuéxiào dōu děi huā yí ge xiǎoshí zuǒyòu，tā juéde hěn bù fāngbiàn，","每天騎自行車到學校都得花一個小時左右，他覺得很不方便，"
"2","6","2195B2L06P2S3.mp3","所以他最近計畫找房子搬家。","so recently he has been planning to look for a place and move.","suǒyǐ tā zuìjìn jìhuà zhǎo fángzi bānjiā.","所以他最近計畫找房子搬家。"
"2","6","2196B2L06P2S4.mp3","這一天，他在網站上看了很多租房子的資料。","On this day, he saw a lot of information online on apartments for rent.","Zhè yìtiān，tā zài wǎngzhàn shàng kàn le hěnduō zū fángzi de zīliào.","這一天，他在網站上看了很多租房子的資料。"
"2","6","2197B2L06P2S5.mp3","李東健最想在捷運站附近租一間套房，有床、桌子和椅子這些家具，","Li Dongjian would prefer moving into a studio apartment near an MRT station furnished with a bed, desk, and chair.","Lǐ Dōngjiàn zuì xiǎng zài jiéyùn zhàn fùjìn zū yì jiān tàofáng，yǒu chuáng，zhuōzi hàn yǐzi zhèxiē jiājù，","李東健最想在捷運站附近租一間套房，有床、桌子和椅子這些家具，"
"2","6","2198B2L06P2S6.mp3","而且房間的光線要好，環境也不要太吵。","Also the room has to have good natural lighting and the neighborhood can't be too loud.","érqiě fángjiān de guāngxiàn yào hǎo，huánjìng yě bú yào tài chǎo.","而且房間的光線要好，環境也不要太吵。"
"2","6","2199B2L06P2S7.mp3","可是台灣朋友都說，這種套房房租會比較貴，","But his Taiwanese friends tell him that studio apartments like that are more expensive.","Kěshì Táiwān péngyǒu dōu shuō，zhè zhǒng tàofáng fángzū huì bǐjiào guì，","可是台灣朋友都說，這種套房房租會比較貴，"
"2","6","2200B2L06P2S8.mp3","李東健覺得台北的生活費比首爾低，","Li Dongjian feels living costs in Taipei are lower than in Seoul,","Lǐ Dōngjiàn juéde Táiběi de shēnghuófèi bǐ shǒu'ěr dī，","李東健覺得台北的生活費比首爾低，"
"2","6","2201B2L06P2S9.mp3","如果多花一點時間找，一定能找到便宜而且合適的。","so if he spends a bit more time looking, he will find a place that is inexpensive and suitable.","rúguǒ duō huā yìdiǎn shíjiān zhǎo，yídìng néng zhǎodào piányí érqiě héshì de.","如果多花一點時間找，一定能找到便宜而且合適的。"
"2","6","2202B2L06P2S10.mp3","李東健想，如果他搬到學校附近住，","Li Dongjian thinks that if he moves closer to school,","Lǐ Dōngjiàn xiǎng，rúguǒ tā bān dào xuéxiào fùjìn zhù，","李東健想，如果他搬到學校附近住，"
"2","6","2203B2L06P2S11.mp3","除了留在圖書館的時間能長一點，","in addition to being able to spend a little more in the library","chú le liú zài túshūguǎn de shíjiān néng cháng yìdiǎn，","除了留在圖書館的時間能長一點，"
"2","6","2204B2L06P2S12.mp3","可以念書、寫作業、跟同學討論功課，","studying, doing his homework, and discussing schoolwork with his classmates,","kěyǐ niànshū，xiě zuòyè，gēn tóngxué tǎolùn gōngkè，","可以念書、寫作業、跟同學討論功課，"
"2","6","2205B2L06P2S13.mp3","還可以參加一些學校的社團活動。","he will also be able to participate in some school club activities.","hái kěyǐ cānjiā yìxiē xuéxiào de shètuán huódòng.","還可以參加一些學校的社團活動。"
"2","6","2206B2L06P2S14.mp3","不過他的好朋友高美玲有一點失望，","But his good friend Gao Meiling is a bit disappointed,","Bú guò tā de hǎo péngyǒu Gāo Měilíng yǒu yìdiǎn shīwàng，","不過他的好朋友高美玲有一點失望，"
"2","6","2207B2L06P2S15.mp3","她覺得少了一個可以練習中文的朋友。","because she feels that she will have one less person to parctice Chinese with.","tā juéde shǎo le yí ge kěyǐ liànxí Zhōngwén de péngyǒu.","她覺得少了一個可以練習中文的朋友。"
"2","6","2208B2L06P2S16.mp3","李東健要高美玲放心，","Li Dongjian reassures Gao Meiling","Lǐ Dōngjiàn yào Gāo Měilíng fàngxīn，","李東健要高美玲放心，"
"2","6","2209B2L06P2S17.mp3","因為他打算把一些不常用的東西先留在這裡，","that he plans to leave some of his belongings that he doesn't use much here,","yīnwèi tā dǎsuàn bǎ yìxiē bù cháng yòng de dōngxi xiān liú zài zhèlǐ，","因為他打算把一些不常用的東西先留在這裡，"
"2","6","2210B2L06P2S18.mp3","所以還會常來找他們聊天。","so he will come often and chat.","suǒyǐ hái huì cháng lái zhǎo tāmen liáotiān.","所以還會常來找他們聊天。"
"2","7","2211B2L07P1S1.mp3","東健，要出去啊？","Dongjian, you're going out?","Dōngjiàn，yào chūqù a？","東健，要出去啊？"
"2","7","2212B2L07P1S2.mp3","是啊！垃圾車快來了，我得趕快下樓去倒垃圾。","Yes. The garbage truck will be here soon. I need to take the garbage out.","Shì a！ Lèsèchē kuài lái le，wǒ děi gǎnkuài xià lóu qù dào lèsè.","是啊！垃圾車快來了，我得趕快下樓去倒垃圾。"
"2","7","2213B2L07P1S3.mp3","丟垃圾？今天是星期三，不收垃圾啊！","Take out the garbage? Today is Wednesday. There is no garbage pickup.","Diū lèsè？ Jīntiān shì xīngqí sān，bù shōu lèsè a！","丟垃圾？今天是星期三，不收垃圾啊！"
"2","7","2214B2L07P1S4.mp3","真的嗎？我以為天天都收。","Really? I thought they came every day.","Zhēnde ma？ Wǒ yǐwéi tiāntiān dōu shōu.","真的嗎？我以為天天都收。"
"2","7","2215B2L07P1S5.mp3","不是，每個星期三和星期天是不收的。","No. No garbage pickup on Wednesdays or Sundays.","Búshì，měi ge xīngqí sān hàn xīngqí tiān shì bù shōu de.","不是，每個星期三和星期天是不收的。"
"2","7","2216B2L07P1S6.mp3","那麼，我這些汽水罐和紙杯也不能拿出去回收了嗎？","So, I can't take these soda cans and paper cups of mine out for recycling, either?","Nàme，wǒ zhèxiē qìshuǐ guàn hàn zhǐbēi yě bù néng ná chūqù huíshōu le ma？","那麼，我這些汽水罐和紙杯也不能拿出去回收了嗎？"
"2","7","2217B2L07P1S7.mp3","是啊！","That's right.","Shì a！","是啊！"
"2","7","2218B2L07P1S8.mp3","為什麼在台北倒垃圾這麼麻煩？","Why is taking out the garbage in Taipei such a pain?","Wèishénme zài Táiběi dào lèsè zhème máfán？","為什麼在台北倒垃圾這麼麻煩？"
"2","7","2219B2L07P1S9.mp3","剛開始的時候，台北人也覺得這個規定很麻煩，","When it first started, the people of Taipei also thought this regulation was a nuisance.","Gāng kāishǐ de shíhòu，Táiběi rén yě juéde zhè ge guīdìng hěn máfán，","剛開始的時候，台北人也覺得這個規定很麻煩，"
"2","7","2220B2L07P1S10.mp3","現在大家都習慣了。","Now everybody is used to it.","xiànzài dàjiā dōu xíguàn le.","現在大家都習慣了。"
"2","7","2221B2L07P1S11.mp3","更麻煩的是，我一定要在晚上九點把垃圾拿出去，","What's worse, I have to take it out at 9 o'clock at night;","Gèng máfán de shì，wǒ yídìng yào zài wǎnshàng jiǔ diǎn bǎ lèsè ná chūqù，","更麻煩的是，我一定要在晚上九點把垃圾拿出去，"
"2","7","2222B2L07P1S12.mp3","要不然就不能倒了。","otherwise, I can't throw it out.","yàobùrán jiù bù néng dào le.","要不然就不能倒了。"
"2","7","2223B2L07P1S13.mp3","你說的對，有一次，我一回來，垃圾車就來了。","What you say is right. There was one time, the garbage truck arrived just as I was getting home.","Nǐ shuō de duì，yǒu yí cì，wǒ yì huílái，lèsèchē jiù lái le.","你說的對，有一次，我一回來，垃圾車就來了。"
"2","7","2224B2L07P1S14.mp3","我馬上放下皮包，跑出去倒垃圾。","I immediately put down my purse and run out to take out the trash.","Wǒ mǎshàng fàngxià píbāo，pǎo chūqù dào lèsè.","我馬上放下皮包，跑出去倒垃圾。"
"2","7","2225B2L07P1S15.mp3","對啊！我常常看到有人追垃圾車。","Yeah! I often see people chasing the garbage truck.","Duì a！ wǒ chángcháng kàn dào yǒurén zhuī lèsèchē.","對啊！我常常看到有人追垃圾車。"
"2","7","2226B2L07P1S16.mp3","晚上，這麼多人從家裡拿著垃圾走出來，","So many people at night walking out of their houses with their garbage","Wǎnshàng，zhème duō rén cóng jiālǐ názhe lèsè zǒu chūlái，","晚上，這麼多人從家裡拿著垃圾走出來，"
"2","7","2227B2L07P1S17.mp3","一起站著等垃圾車，你不覺得很有趣嗎？","and then standing around waiting for the garbage truck - don't you find it interesting to see?","yìqǐ zhànzhe děng lèsèchē，nǐ bù juéde hěn yǒuqù ma？","一起站著等垃圾車，你不覺得很有趣嗎？"
"2","7","2228B2L07P1S18.mp3","大家常一邊聊天，一邊等，看起來真的很有意思。","Everyone likes to chat as they wait. It looks like fun.","Dàjiā cháng yì biān liáotiān，yì biān děng，kàn qǐlái zhēnde hěn yǒuyìsi.","大家常一邊聊天，一邊等，看起來真的很有意思。"
"2","7","2229B2L07P1S19.mp3","雖然倒垃圾有點麻煩，但是好像也不壞。","Taking out the garbage is somewhat of a nuisance, but it is not all that bad, either.","Suīrán dào lèsè yǒudiǎn máfán，dànshì hǎoxiàng yě bú huài.","雖然倒垃圾有點麻煩，但是好像也不壞。"
"2","7","2230B2L07P1S20.mp3","那麼，我這包垃圾怎麼辦？","So, what do I do with this bag of garbage?","Nàme，wǒ zhè bāo lèsè zěnme bàn？","那麼，我這包垃圾怎麼辦？"
"2","7","2231B2L07P1S21.mp3","你拿回家去，明天再倒吧！","Take it home and throw it out tomorrow.","Nǐ ná huí jiā qù，míngtiān zài dào ba！","你拿回家去，明天再倒吧！"
"2","7","2232B2L07P2S1.mp3","馬安同到台灣的第二天，晚上在房間上網，跟父母聊台灣的情形，","On his second evening in Taiwan, Ma Anton was online in his room chatting with his parents about Taiwan.","Mǎ Āntóng dào Táiwān de dì èr tiān，wǎnshàng zài fángjiān shàngwǎng，gēn fùmǔ liáo Táiwān de qíngxíng，","馬安同到台灣的第二天，晚上在房間上網，跟父母聊台灣的情形，"
"2","7","2233B2L07P2S2.mp3","他忽然聽見外面有音樂的聲音，可是不知道音樂是從哪裡來的，","He suddenly heard the sound of music outside but didn't know where it was coming from.","tā hūrán tīngjiàn wàimiàn yǒu yīnyuè de shēngyīn，kěshì bù zhīdào yīnyuè shì cóng nǎlǐ lái de，","他忽然聽見外面有音樂的聲音，可是不知道音樂是從哪裡來的，"
"2","7","2234B2L07P2S3.mp3","覺得有一點奇怪，所以從窗戶往外看。","He thought it a bit odd, so he looked out of the window","juéde yǒu yìdiǎn qíguài，suǒyǐ cóng chuānghù wǎng wài kàn.","覺得有一點奇怪，所以從窗戶往外看。"
"2","7","2235B2L07P2S4.mp3","他看見很多人拿著袋子往路口走，","and saw a stream of people standing at the intersection,","Tā kànjiàn hěnduō rén názhe dàizi wǎng lùkǒu zǒu，","他看見很多人拿著袋子往路口走，"
"2","7","2236B2L07P2S5.mp3","路口已經站了很多人，才知道是垃圾車的音樂。","and only then did he realize that the music was coming from the garbage trucks.","lùkǒu yǐjīng zhàn le hěnduō rén，cái zhīdào shì lèsèchē de yīnyuè.","路口已經站了很多人，才知道是垃圾車的音樂。"
"2","7","2237B2L07P2S6.mp3","那輛垃圾車一開過來，大家就走過去把手裡的垃圾丟進去。","As soon as the garbage truck drove over, everybody walked over and tossed the garbage they were holding into it.","Nà liàng lèsèchē yì kāi guòlái，dàjiā jiù zǒu guòqù bǎ shǒu lǐ de lèsè diū jìnqù.","那輛垃圾車一開過來，大家就走過去把手裡的垃圾丟進去。"
"2","7","2238B2L07P2S7.mp3","外國人剛到台北，不知道哪裡可以丟垃圾，也不知道什麼時候可以丟垃圾，","When foreigners first arrive in Taipei, they don't know where and when to take out the garbage.","Wàiguó rén gāng dào Táiběi，bù zhīdào nǎlǐ kěyǐ diū lèsè，yě bù zhīdào shénme shíhòu kěyǐ diū lèsè，","外國人剛到台北，不知道哪裡可以丟垃圾，也不知道什麼時候可以丟垃圾，"
"2","7","2239B2L07P2S8.mp3","馬安同問了台灣人才知道，","Ma Anton didn't know until he asked a Taiwanese","Mǎ Āntóng wèn le Táiwān rén cái zhīdào，","馬安同問了台灣人才知道，"
"2","7","2240B2L07P2S9.mp3","台北的垃圾車只在一定的時間、一定的地點收垃圾。","that garbage trucks in Taipei only collect garbage at certain times and in certain locations.","Táiběi de lèsèchē zhǐ zài yídìng de shíjiān，yídìng de dìdiǎn shōu lèsè.","台北的垃圾車只在一定的時間、一定的地點收垃圾。"
"2","7","2241B2L07P2S10.mp3","雖然有點麻煩，但是路上沒有垃圾，對台北的環境比較好。","It is a bit of a pain, but there isn't any litter in the streets and it is better for Taipei's environment.","Suīrán yǒudiǎn máfán，dànshì lùshàng méi yǒu lèsè，duì Táiběi de huánjìng bǐjiào hǎo.","雖然有點麻煩，但是路上沒有垃圾，對台北的環境比較好。"
"2","7","2242B2L07P2S11.mp3","為了保護環境，大家都應該做垃圾分類，","To protect the environment, everyone should separate their garbage.","Wèi le bǎohù huánjìng，dàjiā dōu yīnggāi zuò lèsè fēnlèi，","為了保護環境，大家都應該做垃圾分類，"
"2","7","2243B2L07P2S12.mp3","那些可以再利用的紙、瓶子、塑膠杯都要回收，丟進資源回收桶裡。","Paper, bottles, and plastic cups that can be reused are to be recycled and thrown into recycling bins.","nàxiē kěyǐ zài lìyòng de zhǐ，píngzi，sùjiāo bēi dōu yào huíshōu，diū jìn zīyuán huíshōutǒng lǐ.","那些可以再利用的紙、瓶子、塑膠杯都要回收，丟進資源回收桶裡。"
"2","7","2244B2L07P2S13.mp3","現在大家都知道，一個乾乾淨淨的城市也是一個進步的城市。","Today, everyone knows that a clean city is a progressive city.","Xiànzài dàjiā dōu zhīdào，yí ge gāngān jìngjìng de chéngshì yěshì yí ge jìnbù de chéngshì.","現在大家都知道，一個乾乾淨淨的城市也是一個進步的城市。"
"2","8","2245B2L08P1S1.mp3","安同！安同！","Anton! Anton!","Āntóng！ Āntóng！","安同！安同！"
"2","8","2246B2L08P1S2.mp3","東健！對不起，沒聽見你叫我。","Dongjian! I'm sorry. I didn't hear you calling.","Dōngjiàn！ Duìbùqǐ，méi tīngjiàn nǐ jiào wǒ.","東健！對不起，沒聽見你叫我。"
"2","8","2247B2L08P1S3.mp3","音樂那麼吵，你當然聽不見。","The music is so loud. Of course you can't hear anything.","Yīnyuè nàme chǎo，nǐ dāngrán tīng bújiàn.","音樂那麼吵，你當然聽不見。"
"2","8","2248B2L08P1S4.mp3","有什麼事嗎？","What's up?","Yǒu shénme shì ma？","有什麼事嗎？"
"2","8","2249B2L08P1S5.mp3","沒事，只是一到學校門口，就看見你推著腳踏車走過來。","Nothing in particular. When I got to the school gate, I just happened to see you walking your bike this way.","Méishì，zhǐshì yí dào xuéxiào ménkǒu，jiù kànjiàn nǐ tuīzhe jiǎotàchē zǒu guòlái.","沒事，只是一到學校門口，就看見你推著腳踏車走過來。"
"2","8","2250B2L08P1S6.mp3","你下午要做什麼？","What are you doing this afternoon?","Nǐ xiàwǔ yào zuò shénme？","你下午要做什麼？"
"2","8","2251B2L08P1S7.mp3","我要去體育館運動。對了，你現在還在學太極拳嗎？","I'm going to the gym to workout. By the way, are you still studying Tai Chi?","Wǒ yào qù tǐyùguǎn yùndòng. Duì le，nǐ xiànzài hái zài xué tàijíquán ma？","我要去體育館運動。對了，你現在還在學太極拳嗎？"
"2","8","2252B2L08P1S8.mp3","是啊！我的師父說我有天分，學得不錯。","Yes. My shifu (i.e. master, teacher) said I have talent and am learning nicely.","Shì a！ Wǒ de shīfù shuō wǒ yǒu tiānfèn，xué de búcuò.","是啊！我的師父說我有天分，學得不錯。"
"2","8","2253B2L08P1S9.mp3","你師父是台灣人吧？他說中文你聽得懂嗎？","I gather your shifu is Taiwanese. Can you understand his Chinese?","Nǐ shīfù shì Táiwān rén ba？ Tā shuō Zhōngwén nǐ tīng de dǒng ma？","你師父是台灣人吧？他說中文你聽得懂嗎？"
"2","8","2254B2L08P1S10.mp3","剛開始我都聽不懂，可是現在沒問題了。","At first, I couldn't understand anything, but now it's not a problem.","Gāng kāishǐ wǒ dōu tīng bù dǒng，kěshì xiànzài méi wèntí le.","剛開始我都聽不懂，可是現在沒問題了。"
"2","8","2255B2L08P1S11.mp3","太極拳難嗎？你學了多久了？","Is Tai Chi hard? How long have you been studying it?","Tàijíquán nán ma？ Nǐ xué le duōjiǔ le？","太極拳難嗎？你學了多久了？"
"2","8","2256B2L08P1S12.mp3","不太容易，而且要很早起來。我學了三個多月了，才學會了一點。","It's not all that easy, and I also need to wake up early to practice. I have been studying for three months and have only learned a little.","Bú tài róngyì，érqiě yào hěn zǎo qǐlái. Wǒ xué le sān ge duō yuè le，cái xuéhuì le yìdiǎn.","不太容易，而且要很早起來。我學了三個多月了，才學會了一點。"
"2","8","2257B2L08P1S13.mp3","可是太極拳的動作看起來慢慢的，輕輕的，應該很輕鬆。","But movements in Tai Chi look slow and gentle. It should be easy to learn.","Kěshì tàijíquán de dòngzuò kàn qǐlái mànmàn de，qīngqīng de，yīnggāi hěn qīngsōng.","可是太極拳的動作看起來慢慢的，輕輕的，應該很輕鬆。"
"2","8","2258B2L08P1S14.mp3","那些動作好像很容易，但是剛開始的時候，","Those moves look easy, but when first started I was so exhausted.","Nàxiē dòngzuò hǎoxiàng hěn róngyì，dànshì gāng kāishǐ de shíhòu，","那些動作好像很容易，但是剛開始的時候，"
"2","8","2259B2L08P1S15.mp3","我早上常常累得起不來，腿也痛得走不了路。","I couldn't even get up in the morning and my legs hurt so much, I couldn't walk.","wǒ zǎoshàng chángcháng lèi de qǐ bù lái，tuǐ yě tòng de zǒu bùliǎo lù.","我早上常常累得起不來，腿也痛得走不了路。"
"2","8","2260B2L08P1S16.mp3","那你怎麼還學得下去？","Then how were you able to keep studying?","Nà nǐ zěnme hái xué de xiàqù？","那你怎麼還學得下去？"
"2","8","2261B2L08P1S17.mp3","雖然很累，可是這是我的興趣。","It's tiring, but this is where my interest lies.","Suīrán hěn lèi，kěshì zhè shì wǒ de xìngqù.","雖然很累，可是這是我的興趣。"
"2","8","2262B2L08P1S18.mp3","你下午沒事吧？要不要跟我一起去運動？","I gather you have nothing to do this afternoon. Do you want to go with me to work out?","Nǐ xiàwǔ méishì ba？ Yào bú yào gēn wǒ yìqǐ qù yùndòng？","你下午沒事吧？要不要跟我一起去運動？"
"2","8","2263B2L08P1S19.mp3","好啊！我先去圖書館借書，下午再跟你去運動。","Sure. I'll go to the library first to borrow a book and go with you to excercise in the afternoon.","Hǎo a！ Wǒ xiān qù túshūguǎn jiè shū，xiàwǔ zài gēn nǐ qù yùndòng.","好啊！我先去圖書館借書，下午再跟你去運動。"
"2","8","2264B2L08P2S1.mp3","今天李東健跟馬安同在體育館運動的時候，","While Li Dongjian was working out at the gym with Ma Anton today,","Jīntiān Lǐ Dōngjiàn gēn Mǎ Āntóng zài tǐyùguǎn yùndòng de shíhòu，","今天李東健跟馬安同在體育館運動的時候，"
"2","8","2265B2L08P2S2.mp3","安同一直跟他說學太極拳的好處，","Ma Anton kept talking about the benefits of learning Tai Chi","Āntóng yìzhí gēn tā shuō xué tàijíquán de hǎochù，","安同一直跟他說學太極拳的好處，"
"2","8","2266B2L08P2S3.mp3","還問他有沒有興趣，下次練習的時候可以帶他一起去。","and asked him if next time he went to practice would he be interested in going with him.","hái wèn tā yǒu méi yǒu xìngqù，xià cì liànxí de shíhòu kěyǐ dài tā yìqǐ qù.","還問他有沒有興趣，下次練習的時候可以帶他一起去。"
"2","8","2267B2L08P2S4.mp3","東健想起安同剛開始學功夫的時候，常跟他抱怨，","Dongjian recalled that when Anton first started to study kungfu, he often complained to him","Dōngjiàn xiǎng qǐ Āntóng gāng kāishǐ xué gōngfū de shíhòu，cháng gēn tā bàoyuàn，","東健想起安同剛開始學功夫的時候，常跟他抱怨，"
"2","8","2268B2L08P2S5.mp3","師父每次練習以前，都要大家先跑一千公尺，","about the shifu making everyone run 1 km each time before parctice.","shīfù měi cì liànxí yǐqián，dōu yào dàjiā xiān pǎo yìqiān gōngchǐ，","師父每次練習以前，都要大家先跑一千公尺，"
"2","8","2269B2L08P2S6.mp3","安同總是最後一個跑完，有的時候還跑不完。","Anton was always the last to finish the run. Sometimes, he couldn't even finish.","Āntóng zǒng shì zuìhòu yí ge pǎo wán，yǒu de shíhòu hái pǎo bù wán.","安同總是最後一個跑完，有的時候還跑不完。"
"2","8","2270B2L08P2S7.mp3","現在，東健發現安同的體力比三個月以前好多了，","Dongjian has now noticed that Anton is much more fit than he was three months earlier","Xiànzài，Dōngjiàn fāxiàn Āntóng de tǐlì bǐ sān ge yuè yǐqián hǎoduō le，","現在，東健發現安同的體力比三個月以前好多了，"
"2","8","2271B2L08P2S8.mp3","上了整天的課，安同還是很有精神。","and after a whole day of classes, he is still full of energy.","shàng le zhěngtiān de kè，Āntóng hái shì hěn yǒu jīngshén.","上了整天的課，安同還是很有精神。"
"2","8","2272B2L08P2S9.mp3","李東健本來以為學功夫要花很多時間，安同可能沒有時間念書了，","Li Dongjian originally thought that studying kungfu would take up a lot of time and that Anton might not have time to study.","Lǐ Dōngjiàn běnlái yǐwéi xué gōngfū yào huā hěnduō shíjiān，Āntóng kěnéng méi yǒu shíjiān niànshū le，","李東健本來以為學功夫要花很多時間，安同可能沒有時間念書了，"
"2","8","2273B2L08P2S10.mp3","但是安同為了多練習，每天一下課，就回宿舍念書、做功課。","But in order to train more, Anton went back to the dorms each day right after classes to study and do his homework.","dànshì Āntóng wèi le duō liànxí，měitiān yí xiàkè，jiù huí sùshè niànshū，zuò gōngkè.","但是安同為了多練習，每天一下課，就回宿舍念書、做功課。"
"2","8","2274B2L08P2S11.mp3","做完了功課，再去練習。","After his homework was done, he would go to parctice.","Zuòwán le gōngkè，zài qù liànxí.","做完了功課，再去練習。"
"2","8","2275B2L08P2S12.mp3","雖然練習的時間不少，但是一點都沒影響安同的成績。","Although practice took up a lot of time, it didn't affect Anton's grades at all.","Suīrán liànxí de shíjiān bù shǎo，dànshì yìdiǎn dōu méi yǐngxiǎng Āntóng de chéngjī.","雖然練習的時間不少，但是一點都沒影響安同的成績。"
"2","8","2276B2L08P2S13.mp3","李東健看馬安同學了太極拳以後，身體健康了，功課也進步了，","Li Dongjian saw how, after he (started) studying Tai Chi, Anton was now in good health and his schoolwork had improved.","Lǐ Dōngjiàn kàn Mǎ Āntóng xué le tàijíquán yǐhòu，shēntǐ jiànkāng le，gōngkè yě jìnbù le，","李東健看馬安同學了太極拳以後，身體健康了，功課也進步了，"
"2","8","2277B2L08P2S14.mp3","覺得練太極拳的好處真不少，","He felt that there really were a lot of benefits to studying Tai Chi","juéde liàn tàijíquán de hǎochù zhēn bù shǎo，","覺得練太極拳的好處真不少，"
"2","8","2278B2L08P2S15.mp3","決定明天就跟安同說他也要學太極拳。","and decided to tell Anton the next day that he, too, would like to study Tai Chi.","juédìng míngtiān jiù gēn Āntóng shuō tā yě yào xué tàijíquán.","決定明天就跟安同說他也要學太極拳。"
"2","9","2279B2L09P1S1.mp3","我放春假的時候到泰國去玩了一個星期，你呢？","Over spring break, I went to Thailand for a week. How about you?","Wǒ fàng chūnjià de shíhòu dào Tàiguó qù wán le yí ge xīngqí，nǐ ne？","我放春假的時候到泰國去玩了一個星期，你呢？"
"2","9","2280B2L09P1S2.mp3","我哪裡也沒去，忙著搬家。","I didn't go anywhere. I was busy moving.","Wǒ nǎlǐ yě méi qù，mángzhe bānjiā.","我哪裡也沒去，忙著搬家。"
"2","9","2281B2L09P1S3.mp3","都搬好了嗎？","Are you finished moving?","Dōu bān hǎo le ma？","都搬好了嗎？"
"2","9","2282B2L09P1S4.mp3","都搬好了。泰國怎麼樣？","Yes. I am done moving. How was Thailand?","Dōu bān hǎo le. Tàiguó zěnmeyàng？","都搬好了。泰國怎麼樣？"
"2","9","2283B2L09P1S5.mp3","我好喜歡，沒想到泰國這麼有特色，玩一個星期也不夠。","I loved it. I had no idea, Thailand would be so unique. One week was not enough.","Wǒ hǎo xǐhuān，méi xiǎngdào Tàiguó zhème yǒu tèsè，wán yí ge xīngqí yě búgòu.","我好喜歡，沒想到泰國這麼有特色，玩一個星期也不夠。"
"2","9","2284B2L09P1S6.mp3","真的啊！有些什麼特色呢？","Really? What are some of the things that make it special?","Zhēnde a！ Yǒuxiē shénme tèsè ne？","真的啊！有些什麼特色呢？"
"2","9","2285B2L09P1S7.mp3","那裡的房子很漂亮，跟法國的比起來，顏色比較多。","The houses are very pretty. Compared to France, they are much more colorful.","Nàlǐ de fángzi hěn piàoliàng，gēn Fǎguó de bǐ qǐlái，yánsè bǐjiào duō.","那裡的房子很漂亮，跟法國的比起來，顏色比較多。"
"2","9","2286B2L09P1S8.mp3","聽說泰國的廟很多。","I've heard Thailand has a lof of temples.","Tīngshuō Tàiguó de miào hěnduō.","聽說泰國的廟很多。"
"2","9","2287B2L09P1S9.mp3","是。泰國到處都是廟，就像法國有很多教堂一樣。","Yes. There are temples everywhere in Thailand. Just like there are many churches in France.","Shì. Tàiguó dàochù dōu shì miào，jiù xiàng Fǎguó yǒu hěnduō jiàotáng yíyàng.","是。泰國到處都是廟，就像法國有很多教堂一樣。"
"2","9","2288B2L09P1S10.mp3","泰國的海邊怎麼樣？","How is the seaside in Thailand?","Tàiguó de hǎibiān zěnmeyàng？","泰國的海邊怎麼樣？"
"2","9","2289B2L09P1S11.mp3","美極了。","Gorgeous.","Měi jí le.","美極了。"
"2","9","2290B2L09P1S12.mp3","我到南部的小島去潛水，","I went to a small island down south to do some diving.","wǒ dào nánbù de xiǎo dǎo qù qiánshuǐ，","我到南部的小島去潛水，"
"2","9","2291B2L09P1S13.mp3","藍藍的海水非常乾淨，看得見各種顏色的魚。","The blue ocean water was very clean. You could see fish in a variety of colors.","lánlán de hǎishuǐ fēicháng gānjìng，kàn de jiàn gèzhǒng yánsè de yú.","藍藍的海水非常乾淨，看得見各種顏色的魚。"
"2","9","2292B2L09P1S14.mp3","聽起來好美啊！除了到處去玩，妳一定也吃了很多泰國菜吧？","It sounds really beautiful. In addition to going around having a good time, I gather you must have also tried a lot of Thai food?","Tīng qǐlái hǎoměi a！ Chú le dàochù qù wán，nǐ yídìng yě chī le hěnduō Tàiguó cài ba？","聽起來好美啊！除了到處去玩，妳一定也吃了很多泰國菜吧？"
"2","9","2293B2L09P1S15.mp3","當然啊，在那裡吃的泰國菜跟我在法國吃的不一樣。","That's right. The Thai food I had there was so different from the Thai food I've had in France.","Dāngrán a，zài nàlǐ chī de Tàiguó cài gēn wǒ zài Fǎguó chī de bù yíyàng.","當然啊，在那裡吃的泰國菜跟我在法國吃的不一樣。"
"2","9","2294B2L09P1S16.mp3","有什麼不一樣？","What was the difference?","Yǒu shénme bù yíyàng？","有什麼不一樣？"
"2","9","2295B2L09P1S17.mp3","在法國，沒有那麼多酸酸辣辣的菜，","In France, there aren't as many sour and spicy dishes.","Zài Fǎguó，méi yǒu nàme duō suānsuān làlà de cài，","在法國，沒有那麼多酸酸辣辣的菜，"
"2","9","2296B2L09P1S18.mp3","但是在泰國，很多菜都放了檸檬，味道比較酸。","But in Thailand, a lot of dishes have lemon added to them, so they are more sour.","dànshì zài Tàiguó，hěnduō cài dōu fàng le níngméng，wèidào bǐjiào suān.","但是在泰國，很多菜都放了檸檬，味道比較酸。"
"2","9","2297B2L09P1S19.mp3","泰國這麼好玩，妳不想回來吧？","With so much fun in Thailand, I suppose you didn't want to come back.","Tàiguó zhème hǎowán，nǐ bùxiǎng huílái ba？","泰國這麼好玩，妳不想回來吧？"
"2","9","2298B2L09P1S20.mp3","對啊！這些都是忘不了的經驗。","That's right. All these were unforgettable experiences.","Duì a！ Zhèxiē dōu shì wàng bù liǎo de jīngyàn.","對啊！這些都是忘不了的經驗。"
"2","9","2299B2L09P1S21.mp3","如果不必上課，我一定要多住一個月。","If I didn't have to go to class, I definitely would have stayed another month.","rúguǒ bú bì shàngkè，wǒ yídìng yào duō zhù yí ge yuè.","如果不必上課，我一定要多住一個月。"
"2","9","2300B2L09P1S22.mp3","妳下次去的時候，我可以跟妳一起去嗎？","Next time you go, can I go with you?","Nǐ xià cì qù de shíhòu，wǒ kěyǐ gēn nǐ yìqǐ qù ma？","妳下次去的時候，我可以跟妳一起去嗎？"
"2","9","2301B2L09P1S23.mp3","好，沒問題。","No problem!","Hǎo，méi wèntí.","好，沒問題。"
"2","9","2302B2L09P2S1.mp3","高美玲利用放假的時候到處去旅行，","Gao Meiling uses her vacations to travel around.","Gāo Měilíng lìyòng fàngjià de shíhòu dàochù qù lǚxíng，","高美玲利用放假的時候到處去旅行，"
"2","9","2303B2L09P2S2.mp3","她喜歡台北這個大城市，也喜歡中南部鄉下。","She likes the big city of Taipei and also likes the countryside in central and southern Taiwan.","tā xǐhuān Táiběi zhè ge dàchéngshì，yě xǐhuān zhōngnánbù xiāngxià.","她喜歡台北這個大城市，也喜歡中南部鄉下。"
"2","9","2304B2L09P2S3.mp3","因為她家在巴黎，已經習慣大城市熱鬧的氣氛，","Her family is in Paris, so she is used to the hustle and bustle atmosphere of large cities,","Yīnwèi tā jiā zài Bālí，yǐjīng xíguàn dàchéngshì rènào de qìfēn，","因為她家在巴黎，已經習慣大城市熱鬧的氣氛，"
"2","9","2305B2L09P2S4.mp3","但是她覺得台灣鄉下小鎮也很有意思。","but she also thinks small towns in Taiwan are very interesting.","dànshì tā juéde Táiwān xiāngxià xiǎozhèn yě hěn yǒuyìsi.","但是她覺得台灣鄉下小鎮也很有意思。"
"2","9","2306B2L09P2S5.mp3","高美玲發現中南部跟台北有很多不同的地方。","Gao Meiling found that there are many aspects of southern and central Taiwan that differ form Taipei.","Gāo Měilíng fāxiàn zhōngnánbù gēn Táiběi yǒu hěnduō bùtóng de dìfāng.","高美玲發現中南部跟台北有很多不同的地方。"
"2","9","2307B2L09P2S6.mp3","台北市區現代的公寓、大樓比較多，馬路寬、汽車多。","In downtown Taipei, there are more modern apartment buildings and high rises; the streets are wide and there are many cars.","Táiběi shìqū xiàndài de gōngyù，dàlóu bǐjiào duō，mǎlù kuān，qìchē duō.","台北市區現代的公寓、大樓比較多，馬路寬、汽車多。"
"2","9","2308B2L09P2S7.mp3","中南部除了新建築，也看得見傳統的老房子。","In central and southern Taiwan, there are new buildings, but you can also see traditional old houses.","Zhōngnánbù chú le xīnjiànzhú，yě kàn de jiàn chuántǒng de lǎo fángzi.","中南部除了新建築，也看得見傳統的老房子。"
"2","9","2309B2L09P2S8.mp3","她在高雄市看見很多三層樓的房子，","She saw a lot of three-story houses in Kaohsiung City.","Tā zài Gāoxióng shì kànjiàn hěnduō sān céng lóu de fángzi，","她在高雄市看見很多三層樓的房子，"
"2","9","2310B2L09P2S9.mp3","朋友告訴她，買得起房子的南部人，比較喜歡這種房子。","Her friends told her that people down south who could afford to buy houses prefer this kind of house.","péngyǒu gàosù tā，mǎi de qǐ fángzi de nánbù rén，bǐjiào xǐhuān zhè zhǒng fángzi.","朋友告訴她，買得起房子的南部人，比較喜歡這種房子。"
"2","9","2311B2L09P2S10.mp3","台灣不是很大，但是南部的天氣比北部好多了。","Taiwan is not really big, but the weather in the south is much better than in the north.","Táiwān búshì hěn dà，dànshì nánbù de tiānqì bǐ běibù hǎoduō le.","台灣不是很大，但是南部的天氣比北部好多了。"
"2","9","2312B2L09P2S11.mp3","夏天雖然熱得很，可是冬天不冷，而且不常下雨。","It is very hot in the summers, but winters are not cold and it doesn't rain much.","Xiàtiān suīrán rè de hěn，kěshì dōngtiān bù lěng，érqiě bù cháng xià yǔ.","夏天雖然熱得很，可是冬天不冷，而且不常下雨。"
"2","9","2313B2L09P2S12.mp3","美玲覺得可能天氣好，所以南部人很熱情。","Meiling thinks maybe people down south are warm, because of the good weather.","Měilíng juéde kěnéng tiānqì hǎo，suǒyǐ nánbù rén hěn rèqíng.","美玲覺得可能天氣好，所以南部人很熱情。"
"2","9","2314B2L09P2S13.mp3","台北跟中南部比起來，雖然生活費高，環境比較擠，","Compared to central and southern Taiwan, Taipei's cost of living is high and living environment crowded,","Táiběi gēn zhōngnánbù bǐ qǐlái，suīrán shēnghuófèi gāo，huánjìng bǐjiào jǐ，","台北跟中南部比起來，雖然生活費高，環境比較擠，"
"2","9","2315B2L09P2S14.mp3","但是美玲還是喜歡住在台北。","but she still prefers to live in Taipei.","dànshì Měilíng háishì xǐhuān zhù zài Táiběi.","但是美玲還是喜歡住在台北。"
"2","9","2316B2L09P2S15.mp3","她覺得台北到處都有餐廳、便利商店，百貨公司也很多，","She feels that in Taipei with restaurants and convenience stores everywhere, and the many department stores,","Tā juéde Táiběi dàochù dōu yǒu cāntīng，biànlì shāngdiàn，bǎihuò gōngsī yě hěnduō，","她覺得台北到處都有餐廳、便利商店，百貨公司也很多，"
"2","9","2317B2L09P2S16.mp3","什麼時候都吃得到飯，也買得到飲料，","you can eat and buy something to drink whenever you want.","shénme shíhòu dōu chī de dào fàn，yě mǎi de dào yǐnliào，","什麼時候都吃得到飯，也買得到飲料，"
"2","9","2318B2L09P2S17.mp3","所以她越來越喜歡生活方便的台北了。","She is getting to like the convenience of Taipei more and more.","suǒyǐ tā yuè lái yuè xǐhuān shēnghuó fāngbiàn de Táiběi le.","所以她越來越喜歡生活方便的台北了。"
"2","10","2319B2L10P1S1.mp3","歡迎，歡迎，大家請進，不要脫鞋。月美，麻煩妳關門。","Welcome! Welcome! Everybody come on in. Don't take your shoes off. Yuemei, would you please close the door?","Huānyíng，huānyíng，dàjiā qǐng jìn，bú yào tuō xié. Yuèměi，máfán nǐ guānmén.","歡迎，歡迎，大家請進，不要脫鞋。月美，麻煩妳關門。"
"2","10","2320B2L10P1S2.mp3","謝謝老師請我們來包餃子，我也帶了我們越南的春捲。","Thank you, Teacher Zhang, for having us over to make dumplings. I bought some Vietnamese spring rolls.","Xièxie lǎoshī qǐng wǒmen lái bāo jiǎozi，wǒ yě dài le wǒmen Yuènán de chūnjuǎn.","謝謝老師請我們來包餃子，我也帶了我們越南的春捲。"
"2","10","2321B2L10P1S3.mp3","張老師，這是我做的韓國泡菜。","Teacher Zhang, this is some kimchi that I made.","Zhāng Lǎoshī，zhè shì wǒ zuò de Hánguó pàocài.","張老師，這是我做的韓國泡菜。"
"2","10","2322B2L10P1S4.mp3","看不出來你還會做泡菜！","I couldn't tell by looking at you that you could make kimchi.","Kàn bù chūlái nǐ hái huì zuò pàocài！","看不出來你還會做泡菜！"
"2","10","2323B2L10P1S5.mp3","馬丁、高美玲，你們也帶東西來了啊？","Martin and Gao Meiling, you brought some things also?","Mǎdīng，Gāo Měilíng，nǐmen yě dài dōngxi lái le a？","馬丁、高美玲，你們也帶東西來了啊？"
"2","10","2324B2L10P1S6.mp3","我們剛剛去超市買了水果跟飲料。老師，你們家的飯廳真大。","We stopped by the supermarket and got some fruit and drinks just now. Teacher Zhang, your dining room is huge.","Wǒmen gānggāng qù chāoshì mǎi le shuǐguǒ gēn yǐnliào. Lǎoshī，nǐmen jiā de fàntīng zhēn dà.","我們剛剛去超市買了水果跟飲料。老師，你們家的飯廳真大。"
"2","10","2325B2L10P1S7.mp3","老師家的飯廳應該坐得下十個人吧？","I gather the dining room should be able to sit ten.","Lǎoshī jiā de fàntīng yīnggāi zuò de xià shí ge rén ba？","老師家的飯廳應該坐得下十個人吧？"
"2","10","2326B2L10P1S8.mp3","坐得下，所以請你們幾個人一起來吃飯沒問題。","Absolutely. So inviting you few over to eat isn't a problem.","Zuò de xià，suǒyǐ qǐng nǐmen jǐ ge rén yìqǐ lái chīfàn méi wèntí.","坐得下，所以請你們幾個人一起來吃飯沒問題。"
"2","10","2327B2L10P1S9.mp3","老師，我們要幫忙準備什麼？","Teacher Zhang, can we help get anything ready?","Lǎoshī，wǒmen yào bāngmáng zhǔnbèi shénme？","老師，我們要幫忙準備什麼？"
"2","10","2328B2L10P1S10.mp3","我把包餃子的東西都準備好了，","I have everything needed to wrap the dumplings ready.","Wǒ bǎ bāo jiǎozi de dōngxi dōu zhǔnbèi hǎo le，","我把包餃子的東西都準備好了，"
"2","10","2329B2L10P1S11.mp3","你們去把手洗一洗，我們就開始包吧！","You guys go ahead and go wash your hands and we can start wrapping.","nǐmen qù bǎ shǒu xǐ yì xǐ，wǒmen jiù kāishǐ bāo ba！","你們去把手洗一洗，我們就開始包吧！"
"2","10","2330B2L10P1S12.mp3","這是我第一次包餃子，你們包過嗎？","This is my first time making dumplings. Have any of you done it before?","Zhè shì wǒ dì yī cì bāo jiǎozi，nǐmen bāo guò ma？","這是我第一次包餃子，你們包過嗎？"
"2","10","2331B2L10P1S13.mp3","我跟馬丁以前上過做菜的課，包過水餃，對不對？","Martin and I took cooking classes before and we made dumplings, right?","Wǒ gēn Mǎdīng yǐqián shàng guò zuò cài de kè，bāo guò shuǐjiǎo，duì bú duì？","我跟馬丁以前上過做菜的課，包過水餃，對不對？"
"2","10","2332B2L10P1S14.mp3","包過，可是我包的水餃一煮就壞了。","Yes we did. But the dumplings I made went bad as soon as they were put in the pot.","Bāo guò，kěshì wǒ bāo de shuǐjiǎo yì zhǔ jiù huài le.","包過，可是我包的水餃一煮就壞了。"
"2","10","2333B2L10P1S15.mp3","不是壞了，是煮破了。如果你們沒把餃子包好，一煮就破了。","They didn't 'go bad'. They split open. If you don't wrap them well, they split as soon as they are put in.","Búshì huài le，shì zhǔ pò le. Rúguǒ nǐmen méi bǎ jiǎozi bāo hǎo，yì zhǔ jiù pò le.","不是壞了，是煮破了。如果你們沒把餃子包好，一煮就破了。"
"2","10","2334B2L10P1S16.mp3","老師，您看我這麼包，對嗎？","Teacher Zhang, am I doing this right?","Lǎoshī，nín kàn wǒ zhème bāo，duì ma？","老師，您看我這麼包，對嗎？"
"2","10","2335B2L10P1S17.mp3","很好，不過你還可以多放一點餡兒，","Very good. But you still put a bit more filling in them.","Hěn hǎo，bú guò nǐ hái kěyǐ duō fàng yìdiǎn xiàner，","很好，不過你還可以多放一點餡兒，"
"2","10","2336B2L10P1S18.mp3","如果扁扁的，看起來就不像餃子了。","If they are too flat, they don't look like proper dumplings.","rúguǒ biǎnbiǎn de，kàn qǐlái jiù bú xiàng jiǎozi le.","如果扁扁的，看起來就不像餃子了。"
"2","10","2337B2L10P1S19.mp3","老師，我們五個人要包多少餃子？","Teacher Zhang, how many do the five of us need to make?","Lǎoshī，wǒmen wǔ ge rén yào bāo duōshǎo jiǎozi？","老師，我們五個人要包多少餃子？"
"2","10","2338B2L10P1S20.mp3","我準備的材料大概可以包一百多個，再做幾道菜，","We should be able to make over 100 with the ingredients I prepared. I will make a few more dishes","Wǒ zhǔnbèi de cáiliào dàgài kěyǐ bāo yìbǎi duō ge，zài zuò jǐ dào cài，","我準備的材料大概可以包一百多個，再做幾道菜，"
"2","10","2339B2L10P1S21.mp3","還有一大碗酸辣湯，應該夠了。大家一定都吃得飽。","and a big bowl of hot and sour soup. That should be enough for everybody to eat their fill.","hái yǒu yí dàwǎn suānlà tāng，yīnggāi gòu le. Dàjiā yídìng dōu chī de bǎo.","還有一大碗酸辣湯，應該夠了。大家一定都吃得飽。"
"2","10","2340B2L10P1S22.mp3","馬丁，你來以前不是一直說餓嗎？你能吃幾個餃子？","Martin, didn't you keep saying you were hungry before you came? How many dumplings can you eat?","Mǎdīng，nǐ lái yǐqián búshì yìzhí shuō è ma？ nǐ néng chī jǐ ge jiǎozi？","馬丁，你來以前不是一直說餓嗎？你能吃幾個餃子？"
"2","10","2341B2L10P1S23.mp3","我想我吃得下二十個，要是妳吃不完，我可以幫妳吃。","I think I can eat 20. If you can't finish yours, I can help you with them.","Wǒ xiǎng wǒ chī de xià èrshí ge，yàoshì nǐ chī bù wán，wǒ kěyǐ bāng nǐ chī.","我想我吃得下二十個，要是妳吃不完，我可以幫妳吃。"
"2","10","2342B2L10P1S24.mp3","大家最好能把餃子都吃光。","It would be great if everyone could finish all of the dumplings.","Dàjiā zuì hǎo néng bǎ jiǎozi dōu chī guāng.","大家最好能把餃子都吃光。"
"2","10","2343B2L10P1S25.mp3","你們包，我去把鍋子洗了，就要準備煮餃子了。","You all wrap, I'll go wash the wok and we can get ready to cook the dumplings.","nǐmen bāo，wǒ qù bǎ guōzi xǐ le，jiù yào zhǔnbèi zhǔ jiǎozi le.","你們包，我去把鍋子洗了，就要準備煮餃子了。"
"2","10","2344B2L10P1S26.mp3","老師，我幫您把筷子和碗放在桌上。","Teacher Zhang, I'll put the chopsticks and bowls on the table for you.","Lǎoshī，wǒ bāng nín bǎ kuàizi hàn wǎn fàng zài zhuō shàng.","老師，我幫您把筷子和碗放在桌上。"
"2","10","2345B2L10P2S1.mp3","這個學期，馬丁、陳月美、高美玲和李東健都是張老師的學生，","This semester, Martin, Chen Yuemei, Gao Meiling, and Li Dongjian are all Teacher Zhang's students.","Zhè ge xuéqí，Mǎdīng，Chén Yuèměi，Gāo Měilíng hàn Lǐ Dōngjiàn dōu shì Zhāng Lǎoshī de xuéshēng，","這個學期，馬丁、陳月美、高美玲和李東健都是張老師的學生，"
"2","10","2346B2L10P2S2.mp3","他們趁學期結束以前的一個週末，到張老師家包餃子。","They are taking advantages of a weekend before the semester ends to go to teacher Zhang's home to make dumplings.","tāmen chèn xuéqí jiéshù yǐqián de yí ge zhōumò，dào Zhāng Lǎoshī jiā bāo jiǎozi.","他們趁學期結束以前的一個週末，到張老師家包餃子。"
"2","10","2347B2L10P2S3.mp3","張老師已經把餃子餡兒跟餃子皮都準備好了。","Teacher Zhang has already prepared the fillings and dumpling skins.","Zhāng Lǎoshī yǐjīng bǎ jiǎozi xiàner gēn jiǎozi pí dōu zhǔnbèi hǎo le.","張老師已經把餃子餡兒跟餃子皮都準備好了。"
"2","10","2348B2L10P2S4.mp3","到了老師家以後，張老師就教他們怎麼包餃子，","After they arrive, Teacher Zhang teaches them how to wrap the dumplings,","Dào le lǎoshī jiā yǐhòu，Zhāng Lǎoshī jiù jiāo tāmen zěnme bāo jiǎozi，","到了老師家以後，張老師就教他們怎麼包餃子，"
"2","10","2349B2L10P2S5.mp3","怎麼把餃子包得好看，怎麼包不容易煮破。","how to make them look good, and how to wrap them so they won't split open when cooked.","zěnme bǎ jiǎozi bāo de hǎokàn，zěnme bāo bù róngyì zhǔ pò.","怎麼把餃子包得好看，怎麼包不容易煮破。"
"2","10","2350B2L10P2S6.mp3","除了包餃子，","In addition to making dumplings,","Chú le bāo jiǎozi，","除了包餃子，"
"2","10","2351B2L10P2S7.mp3","李東健跟陳月美還帶了自己做的韓國泡菜和越南春捲請大家吃。","Li Dongjian brought kimchi and Chen Yuemei brought Vietnamese spring rolls that they made themselves for everyone to eat.","Lǐ Dōngjiàn gēn Chén Yuèměi hái dài le zìjǐ zuò de Hánguó pàocài hàn Yuènán chūnjuǎn qǐng dàjiā chī.","李東健跟陳月美還帶了自己做的韓國泡菜和越南春捲請大家吃。"
"2","10","2352B2L10P2S8.mp3","大家嚐了泡菜都說看不出來李東健會做泡菜。","Everyone who tastes the kimchi says you could never tell by looking at Li Dongjian that he could make kimchi.","Dàjiā cháng le pàocài dōu shuō kàn bù chūlái Lǐ Dōngjiàn huì zuò pàocài.","大家嚐了泡菜都說看不出來李東健會做泡菜。"
"2","10","2353B2L10P2S9.mp3","李東健說他是跟媽媽學的，做起來不太難。","Li Dongjian says he learned how to make kimchi from his mum, and it is not all that hard to make.","Lǐ Dōngjiàn shuō tā shì gēn māma xué de，zuò qǐlái bú tài nán.","李東健說他是跟媽媽學的，做起來不太難。"
"2","10","2354B2L10P2S10.mp3","先把大白菜洗乾淨，加鹽拌一拌，再放辣椒和調味料，","First wash the Chinese cabbage, add salt and mix. Then, add some chili peppers and seasoning.","Xiān bǎ dàbáicài xǐ gānjìng，jiā yán bàn yí bàn，zài fàng làjiāo hàn tiáowèiliào，","先把大白菜洗乾淨，加鹽拌一拌，再放辣椒和調味料，"
"2","10","2355B2L10P2S11.mp3","最後裝進玻璃或是塑膠罐裡，放一下就可以吃了。","Lastly, pack everything into a glass or plastic container and let it sit a bit and it will be ready to eat.","zuìhòu zhuāng jìn bōlí huò shì sùjiāo guàn lǐ，fàng yíxià jiù kěyǐ chī le.","最後裝進玻璃或是塑膠罐裡，放一下就可以吃了。"
"2","10","2356B2L10P2S12.mp3","張老師也說，像中國的餃子、韓國的泡菜，","Teacher Zhang also says that for commonly eaten foods such as dumplings in China, kimchi in Korea,","Zhāng Lǎoshī yě shuō，xiàng Zhōngguó de jiǎozi，Hánguó de pàocài，","張老師也說，像中國的餃子、韓國的泡菜，"
"2","10","2357B2L10P2S13.mp3","或是越南的春捲、日本的壽司，材料很容易買得到，","spring rolls in Vietnam, or sushi in Japan, the ingredients are readily available,","huò shì Yuènán de chūnjuǎn，Rìběn de shòusī，cáiliào hěn róngyì mǎi de dào，","或是越南的春捲、日本的壽司，材料很容易買得到，"
"2","10","2358B2L10P2S14.mp3","做起來也不難，都是大家常吃的食物。","and it's easy to make.","zuò qǐlái yě bù nán，dōu shì dàjiā cháng chī de shíwù.","做起來也不難，都是大家常吃的食物。"
"2","11","2359B2L11P1S1.mp3","我來台灣以後，沒離開過台北，所以想到其他地方去看看。","Since I arrived in Taiwan, I haven't left Taipei, so I would like to go to other places and take a look.","Wǒ lái Táiwān yǐhòu，méi líkāi guò Táiběi，suǒyǐ xiǎng dào qítā dìfāng qù kànkàn.","我來台灣以後，沒離開過台北，所以想到其他地方去看看。"
"2","11","2360B2L11P1S2.mp3","假期快到了，你可以計畫一下啊！","The break is almost here. You can make some plans.","Jiàqí kuài dào le，nǐ kěyǐ jìhuà yíxià a！","假期快到了，你可以計畫一下啊！"
"2","11","2361B2L11P1S3.mp3","你們去過很多地方，可不可以告訴我，哪裡一定要去看看呢？","You've been to many places. Can you tell me which places you really have to see?","Nǐmen qù guò hěnduō dìfāng，kě bù kěyǐ gàosù wǒ，nǎlǐ yídìng yào qù kànkàn ne？","你們去過很多地方，可不可以告訴我，哪裡一定要去看看呢？"
"2","11","2362B2L11P1S4.mp3","如果你喜歡海邊和游泳，可以到墾丁去，那裡有各種水上活動。","If you like the seaside and swimming, you can go to Kenting. There are all kinds of water activities there.","Rúguǒ nǐ xǐhuān hǎibiān hàn yóuyǒng，kěyǐ dào Kěndīng qù，nà li yǒu gèzhǒng shuǐshàng huódòng.","如果你喜歡海邊和游泳，可以到墾丁去，那裡有各種水上活動。"
"2","11","2363B2L11P1S5.mp3","上次我朋友來，去綠島玩了三天，","Last time when my friend came, she went to Green Island for three days.","Shàng cì wǒ péngyǒu lái，qù Lǜdǎo wán le sān tiān，","上次我朋友來，去綠島玩了三天，"
"2","11","2364B2L11P1S6.mp3","她說風景很美，而且海邊有個溫泉，非常特別。","She said the scenery was beautiful and there where some really unique hot springs right along the seaside.","tā shuō fēngjǐng hěn měi，érqiě hǎibiān yǒu ge wēnquán，fēicháng tèbié.","她說風景很美，而且海邊有個溫泉，非常特別。"
"2","11","2365B2L11P1S7.mp3","綠島我去過兩次。如果時間夠，我建議你去看看。","I've been to Green Island twice. If you have enough time, I recommend you go check it out.","Lǜdǎo wǒ qù guò liǎng cì. Rúguǒ shíjiān gòu，wǒ jiànyì nǐ qù kànkàn.","綠島我去過兩次。如果時間夠，我建議你去看看。"
"2","11","2366B2L11P1S8.mp3","夏天去綠島的人很多，船票常常買不到，","In summer a lot of people go to Green Island. Boat tickets are often impossible to get.","Xiàtiān qù Lǜdǎo de rén hěnduō，chuán piào chángcháng mǎi bú dào，","夏天去綠島的人很多，船票常常買不到，"
"2","11","2367B2L11P1S9.mp3","你可以考慮去墾丁，交通比較方便。","You might consider Kenting. It's more convenient in terms of transportation.","nǐ kěyǐ kǎolǜ qù Kěndīng，jiāotōng bǐjiào fāngbiàn.","你可以考慮去墾丁，交通比較方便。"
"2","11","2368B2L11P1S10.mp3","墾丁也不錯。","Kenting isn't bad, either.","Kěndīng yě búcuò.","墾丁也不錯。"
"2","11","2369B2L11P1S11.mp3","你回來的時候，可以順便去台中玩，","On your way back, you can stop by Taichung on the way.","nǐ huílái de shíhòu，kěyǐ shùnbiàn qù Táizhōng wán，","你回來的時候，可以順便去台中玩，"
"2","11","2370B2L11P1S12.mp3","台中附近也有很多有名的風景區。","In the vincinity of Taichung, there are also a lot of well known scenic areas.","Táizhōng fùjìn yě yǒu hěnduō yǒumíng de fēngjǐngqū.","台中附近也有很多有名的風景區。"
"2","11","2371B2L11P1S13.mp3","噢！我聽說有個地方叫什麼湖？","Oh! I heard there is a place called 'something something' lake.","Òu！ Wǒ tīngshuō yǒu ge dìfāng jiào shénme hú？","噢！我聽說有個地方叫什麼湖？"
"2","11","2372B2L11P1S14.mp3","你說的是日月潭吧！在台灣中部，離台中不遠。","I gather you are talking about Sun Moon Lake. It's in central Taiwan, not far from Taichung.","Nǐ shuō de shì Rìyuè Tán ba！Zài Táiwān zhōngbù，lí Táizhōng bù yuǎn.","你說的是日月潭吧！在台灣中部，離台中不遠。"
"2","11","2373B2L11P1S15.mp3","那裡不錯，有山有水，還有原住民的文化。","It's nice there. It boasts mountains, water, and aboriginal culture.","nàlǐ búcuò，yǒu shān yǒu shuǐ，hái yǒu yuánzhùmín de wénhuà.","那裡不錯，有山有水，還有原住民的文化。"
"2","11","2374B2L11P1S16.mp3","我也聽說台中的夜市有各種小吃，比台北多。","I've also heard that the night markets in Taichung have all kinds of yummies…more than Taipei's.","Wǒ yě tīngshuō Táizhōng de yèshì yǒu gèzhǒng xiǎochī，bǐ Táiběi duō.","我也聽說台中的夜市有各種小吃，比台北多。"
"2","11","2375B2L11P1S17.mp3","對，上個月我本來計畫去台中玩一趟，後來因為颱風就沒去。","That's correct. I was planning to take a trip to Taichung last month, but didn't go, because of a typhoon.","Duì，shàng ge yuè wǒ běnlái jìhuà qù Táizhōng wán yí tàng，hòulái yīnwèi táifēng jiù méi qù.","對，上個月我本來計畫去台中玩一趟，後來因為颱風就沒去。"
"2","11","2376B2L11P1S18.mp3","好可惜，台中很有意思。","That's too bad. Taichung is a lot of fun.","Hǎo kěxí，Táizhōng hěn yǒuyìsi.","好可惜，台中很有意思。"
"2","11","2377B2L11P1S19.mp3","沒關係，以後一定還有機會。","That's alright. There'll be other opportunities later.","Méi guānxi，yǐhòu yídìng hái yǒu jīhuì.","沒關係，以後一定還有機會。"
"2","11","2378B2L11P1S20.mp3","聽了你們的建議，我打算先去墾丁，然後再到台中去玩。","After listening to your suggestions, I plan first go to Kenting, then go to Taichung.","Tīng le nǐmen de jiànyì，wǒ dǎsuàn xiān qù Kěndīng，ránhòu zài dào Táizhōng qù wán.","聽了你們的建議，我打算先去墾丁，然後再到台中去玩。"
"2","11","2379B2L11P1S21.mp3","夏天去玩的人很多，","A lot of people go there in the summer time.","Xiàtiān qù wán de rén hěnduō，","夏天去玩的人很多，"
"2","11","2380B2L11P1S22.mp3","去墾丁一定要先訂好旅館，才不會找不到地方住。","If you go to Kenting, make sure you book a hotel first, or you won't be able to find a place to stay.","qù Kěndīng yídìng yào xiān dìng hǎo lǚguǎn，cái bú huì zhǎo bú dào dìfāng zhù.","去墾丁一定要先訂好旅館，才不會找不到地方住。"
"2","11","2381B2L11P1S23.mp3","還要注意什麼呢？","What else do I need to take note of?","Hái yào zhùyì shénme ne？","還要注意什麼呢？"
"2","11","2382B2L11P1S24.mp3","我上一次去的時候，把錢包和衣服放在沙灘上，","Last time I went, I left my purse and clothes on the beach.","Wǒ shàng yí cì qù de shíhòu，bǎ qiánbāo hàn yīfú fàng zài shātān shàng，","我上一次去的時候，把錢包和衣服放在沙灘上，"
"2","11","2383B2L11P1S25.mp3","沒想到錢包不見了，大概被偷了。","Little did I realize that my purse would disappear. It was probably stolen.","méi xiǎngdào qiánbāo bújiàn le，dàgài bèi tōu le.","沒想到錢包不見了，大概被偷了。"
"2","11","2384B2L11P1S26.mp3","雖然台灣很安全，但是還是要小心一點啊！","Taiwan is safe, but you still have to be careful.","Suīrán Táiwān hěn ānquán，dànshì hái shì yào xiǎoxīn yìdiǎn a！","雖然台灣很安全，但是還是要小心一點啊！"
"2","11","2385B2L11P1S27.mp3","除了這件事，墾丁真的很值得去。","Other than that, Kenting really is worth going to.","Chú le zhè jiàn shì，Kěndīng zhēnde hěn zhíde qù.","除了這件事，墾丁真的很值得去。"
"2","11","2386B2L11P2S1.mp3","馬丁利用學期假到台灣中南部去玩了一趟。","Martin took advantage of the semester break to take a trip to central and southern Taiwan.","Mǎdīng lìyòng xuéqíjià dào Táiwān zhōngnánbù qù wán le yí tàng.","馬丁利用學期假到台灣中南部去玩了一趟。"
"2","11","2387B2L11P2S2.mp3","他先到南部的墾丁去住了三天，","He first went to Kenting in the south where he stayed for three days,","Tā xiān dào nánbù de Kěndīng qù zhù le sān tiān，","他先到南部的墾丁去住了三天，"
"2","11","2388B2L11P2S3.mp3","然後又到台中玩了兩天，玩得開心極了。","then to Taichung for two days. He had a proper good time!","ránhòu yòu dào Táizhōng wán le liǎng tiān，wán de kāixīn jí le.","然後又到台中玩了兩天，玩得開心極了。"
"2","11","2389B2L11P2S4.mp3","去旅行以前，馬丁把網路上的各種資料都看了一遍。","Before going on the trip, Martin read all sorts of information online.","Qù lǚxíng yǐqián，Mǎdīng bǎ wǎnglù shàng de gèzhǒng zīliào dōu kàn le yí biàn.","去旅行以前，馬丁把網路上的各種資料都看了一遍。"
"2","11","2390B2L11P2S5.mp3","因為夏天觀光客多，很難訂到房間，","Since it was summer, there were a lot of tourists, so it was hard to book a room.","Yīnwèi xiàtiān guānguāngkè duō，hěn nán dìng dào fángjiān，","因為夏天觀光客多，很難訂到房間，"
"2","11","2391B2L11P2S6.mp3","他就先訂了一家在網路上很多人都說不錯的民宿。","He booked a B&B that many people online said was OK.","tā jiù xiān dìng le yì jiā zài wǎnglù shàng hěnduō rén dōu shuō bú cuò de mínsù.","他就先訂了一家在網路上很多人都說不錯的民宿。"
"2","11","2392B2L11P2S7.mp3","沒想到民宿就在海邊，風景比網站上的照片更漂亮，","He had no idea that the B&B was right on the ocean. The scenery was more beautiful than the photos on the website.","Méi xiǎngdào mínsù jiù zài hǎibiān，fēngjǐng bǐ wǎngzhàn shàng de zhàopiàn gèng piàoliàng，","沒想到民宿就在海邊，風景比網站上的照片更漂亮，"
"2","11","2393B2L11P2S8.mp3","他覺得自己的運氣太好了。","He felt his luck was really good.","tā juéde zìjǐ de yùnqì tài hǎo le.","他覺得自己的運氣太好了。"
"2","11","2394B2L11P2S9.mp3","馬丁一到墾丁，就租了摩托車到處逛逛。","As soon as Martin arrived in Kenting, he rented a motorcycle to look around.","Mǎdīng yí dào Kěndīng，jiù zū le mótuōchē dàochù guàngguàng.","馬丁一到墾丁，就租了摩托車到處逛逛。"
"2","11","2395B2L11P2S10.mp3","墾丁除了漂亮的海邊，還有很多熱帶植物。","In addition to a beautiful coast, Kenting has many tropical plants.","Kěndīng chú le piàoliàng de hǎibiān，hái yǒu hěnduō rèdài zhíwù.","墾丁除了漂亮的海邊，還有很多熱帶植物。"
"2","11","2396B2L11P2S11.mp3","他第一天就把所有的地方都逛了一遍。","On the first day, he checked out all the places.","Tā dì yī tiān jiù bǎ suǒyǒu de dìfāng dōu guàng le yí biàn.","他第一天就把所有的地方都逛了一遍。"
"2","11","2397B2L11P2S12.mp3","第二天白天，馬丁去海邊游泳，游累了，就躺在沙灘上曬太陽。","On the second day during the day, he went to the seaside to swim. After he was tired form swimming, he lay down on the beach and sunbathed.","Dì èr tiān báitiān，Mǎdīng qù hǎibiān yóuyǒng，yóu lèi le，jiù tǎng zài shātān shàng shài tàiyáng.","第二天白天，馬丁去海邊游泳，游累了，就躺在沙灘上曬太陽。"
"2","11","2398B2L11P2S13.mp3","因為看見很多人在騎水上摩托車，他也試了試。","He saw a lot of people riding jet skis, so he also tried one out.","Yīnwèi kànjiàn hěnduō rén zài qí shuǐshàng mótuōchē，tā yě shì le shì.","因為看見很多人在騎水上摩托車，他也試了試。"
"2","11","2399B2L11P2S14.mp3","黃昏，馬丁逛到墾丁最熱鬧的那條街，","At dusk, Martin strolled to the busiest street in Kenting","Huánghūn，Mǎdīng guàng dào Kěndīng zuì rènào de nà tiáo jiē，","黃昏，馬丁逛到墾丁最熱鬧的那條街，"
"2","11","2400B2L11P2S15.mp3","看見賣各國食物的餐廳，他選了一家走進去。","where he saw many restaurants selling cuisines from various countries. He picked one and went inside.","kànjiàn mài gèguó shíwù de cāntīng，tā xuǎn le yì jiā zǒu jìnqù.","看見賣各國食物的餐廳，他選了一家走進去。"
"2","11","2401B2L11P2S16.mp3","在餐廳裡，馬丁聽著音樂、喝著啤酒，跟別的觀光客聊聊天，","Inside the restaurant, Martin listened to music, drank beer, and chatted with other tourists.","Zài cāntīng lǐ，Mǎdīng tīngzhe yīnyuè，hēzhe píjiǔ，gēn biéde guānguāngkè liáoliáo tiān，","在餐廳裡，馬丁聽著音樂、喝著啤酒，跟別的觀光客聊聊天，"
"2","11","2402B2L11P2S17.mp3","他愛上了這種輕鬆又浪漫的氣氛，好像回到了自己的家鄉。","He fell in love with the relaxed and romantic atmosphere. It was like he had returned to his hometown.","tā ài shàng le zhè zhǒng qīngsōng yòu làngmàn de qìfēn，hǎoxiàng huí dào le zìjǐ de jiāxiāng.","他愛上了這種輕鬆又浪漫的氣氛，好像回到了自己的家鄉。"
"2","11","2403B2L11P2S18.mp3","馬丁覺得這一趟旅行真是太值得了。","Martin felt this trip was more than worth it.","Mǎdīng juéde zhè yí tàng lǚxíng zhēnshì tài zhíde le.","馬丁覺得這一趟旅行真是太值得了。"
"2","12","2404B2L12P1S1.mp3","我正在等白如玉，我們要去吃飯，你想跟我們一起去嗎？","I am waiting for Bai Ruyu. We're going to go eat. Would you like to join us?","Wǒ zhèngzài děng Bái Rúyù，wǒmen yào qù chīfàn，nǐ xiǎng gēn wǒmen yìqǐ qù ma？","我正在等白如玉，我們要去吃飯，你想跟我們一起去嗎？"
"2","12","2405B2L12P1S2.mp3","好啊！你們要去吃什麼？","Sure! What are you going to eat?","Hǎo a！ Nǐmen yào qù chī shénme？","好啊！你們要去吃什麼？"
"2","12","2406B2L12P1S3.mp3","我們打算去學校對面一家新開的素食餐廳。","We are planning to go to a new vegetarian restaurant across the street from the school.","Wǒmen dǎsuàn qù xuéxiào duìmiàn yì jiā xīn kāi de sùshí cāntīng.","我們打算去學校對面一家新開的素食餐廳。"
"2","12","2407B2L12P1S4.mp3","速食？學校對面有「麥當勞」？我怎麼沒注意到？","Fast food? There's a McDonald's across the street from school? How come I never noticed?","Sùshí？Xuéxiào duìmiàn yǒu 「màidāngláo」？ Wǒ zěnme méi zhùyì dào？","速食？學校對面有「麥當勞」？我怎麼沒注意到？"
"2","12","2408B2L12P1S5.mp3","你想錯了，不是麥當勞那種速食店，是不吃肉的素食餐廳。","You're mistaken. Not fast food like McDonald's. It's a vegetarian. The kind that doesn't have any meat dishes.","Nǐ xiǎng cuò le，búshì màidāngláo nà zhǒng sùshí diàn，shì bù chī ròu de sùshí cāntīng.","你想錯了，不是麥當勞那種速食店，是不吃肉的素食餐廳。"
"2","12","2409B2L12P1S6.mp3","新開的餐廳我都想去嚐一嚐，好，我跟妳們一起去。","I like to try out all new restaurants. Sure, I'll go with you two.","Xīn kāi de cāntīng wǒ dōu xiǎng qù cháng yì cháng，hǎo，wǒ gēn nǐmen yìqǐ qù.","新開的餐廳我都想去嚐一嚐，好，我跟妳們一起去。"
"2","12","2410B2L12P1S7.mp3","欸！馬丁，好久不見！月美，對不起，讓妳等了這麼久。","Hey? Martin, long time no see! Yuemei, sorry to keep you waiting so long.","Èi！ Mǎdīng，hǎojiǔ bújiàn！ Yuèměi，duìbùqǐ，ràng nǐ děng le zhème jiǔ.","欸！馬丁，好久不見！月美，對不起，讓妳等了這麼久。"
"2","12","2411B2L12P1S8.mp3","沒關係，我也剛下課。馬丁也跟我們去吃飯。","That's all right. I just got out of class also. Martin is going to join us for lunch.","Méi guānxi，wǒ yě gāng xiàkè. Mǎdīng yě gēn wǒmen qù chīfàn.","沒關係，我也剛下課。馬丁也跟我們去吃飯。"
"2","12","2412B2L12P1S9.mp3","馬丁，你拿了這麼多菜，我沒想到你也喜歡吃素。","Martin, you got so much food. I didn't know you like to eat vegetarian, also.","Mǎdīng，nǐ ná le zhème duō cài，wǒ méi xiǎngdào nǐ yě xǐhuān chīsù.","馬丁，你拿了這麼多菜，我沒想到你也喜歡吃素。"
"2","12","2413B2L12P1S10.mp3","我是到了台灣以後才覺得吃素不錯，","It was only after I arrived in Taiwan that I found that eating vegetarian food is all right.","Wǒ shì dào le Táiwān yǐhòu cái juéde chīsù búcuò，","我是到了台灣以後才覺得吃素不錯，"
"2","12","2414B2L12P1S11.mp3","我以前吃漢堡的機會比較多。","In the past, I had more opportunities to eat hamburgers.","wǒ yǐqián chī hànbǎo de jīhuì bǐjiào duō.","我以前吃漢堡的機會比較多。"
"2","12","2415B2L12P1S12.mp3","漢堡吃多了對健康不好，而且容易讓你變胖。","Eating too many hamburgers is not good for you and it can make you get fat easily.","Hànbǎo chī duō le duì jiànkāng bù hǎo，érqiě róngyì ràng nǐ biàn pàng.","漢堡吃多了對健康不好，而且容易讓你變胖。"
"2","12","2416B2L12P1S13.mp3","我在越南就常常吃素。","I eat vegetarian food a lot in Vietnam.","Wǒ zài Yuènán jiù chángcháng chīsù.","我在越南就常常吃素。"
"2","12","2417B2L12P1S14.mp3","還有，這家餐廳的素菜看起來不油膩，好像每一樣都值得試試。","Also, the food here doesn't look oily. Everything looks worth trying, i.e., so tempting.","Hái yǒu，zhè jiā cāntīng de sùcài kàn qǐlái bù yóunì，hǎoxiàng měi yíyàng dōu zhíde shìshì.","還有，這家餐廳的素菜看起來不油膩，好像每一樣都值得試試。"
"2","12","2418B2L12P1S15.mp3","我很好奇台灣女孩是不是都喜歡吃青菜？","I'm curious, do all Taiwanese girls like to eat vegetables.","Wǒ hěn hàoqí Táiwān nǚhái shì bú shì dōu xǐhuān chī qīngcài？","我很好奇台灣女孩是不是都喜歡吃青菜？"
"2","12","2419B2L12P1S16.mp3","她們看起來個個都很瘦。","Each of them looks very thin.","tāmen kàn qǐlái gègè dōu hěn shòu.","她們看起來個個都很瘦。"
"2","12","2420B2L12P1S17.mp3","這也不一定，我室友吃素，但是有一點胖。","Not necessarily. My roommate is a vegetarian, but also a little heavy.","Zhè yě bù yídìng，wǒ shìyǒu chīsù，dànshì yǒu yìdiǎn pàng.","這也不一定，我室友吃素，但是有一點胖。"
"2","12","2421B2L12P1S18.mp3","如玉，我記得妳男朋友不吃肉，對不對？","Ruyu, I recall that your boyfriend doesn't eat meat, right?","Rúyù，wǒ jìde nǐ nánpéngyǒu bù chī ròu，duì bú duì？","如玉，我記得妳男朋友不吃肉，對不對？"
"2","12","2422B2L12P1S19.mp3","對，牛肉、豬肉，他不常吃，他只吃魚。","Right, he doesn't eat beef or pork often. He only eats fish.","Duì，niúròu，zhūròu，tā bù cháng chī，tā zhǐ chī yú.","對，牛肉、豬肉，他不常吃，他只吃魚。"
"2","12","2423B2L12P1S20.mp3","我聽說西方一些吃素的人跟我們不太一樣，","I hear that in the West, some vegetarians are a bit different form us.","Wǒ tīngshuō xīfāng yìxiē chīsù de rén gēn wǒmen bú tài yíyàng，","我聽說西方一些吃素的人跟我們不太一樣，"
"2","12","2424B2L12P1S21.mp3","我們是完全不吃肉的。","We eat no meat at all.","wǒmen shì wánquán bù chī ròu de.","我們是完全不吃肉的。"
"2","12","2425B2L12P1S22.mp3","我覺得吃素應該是為了健康。","I feel that eating vegetarian food should be done for your health.","Wǒ juéde chīsù yīnggāi shì wèi le jiànkāng.","我覺得吃素應該是為了健康。"
"2","12","2426B2L12P1S23.mp3","菜的味道不要太鹹，不要常吃炸的、烤的東西，就比較健康。","It's healthier if your food is not too salty and don't frequently eat things that are deep fried or grilled.","Cài de wèidào bú yào tài xián，bú yào cháng chī zhá de，kǎo de dōngxi，jiù bǐjiào jiànkāng.","菜的味道不要太鹹，不要常吃炸的、烤的東西，就比較健康。"
"2","12","2427B2L12P1S24.mp3","下次有機會，請你們吃我做的越南素食。","Next time when we have the opportunity, I'll treat you some Vietnamese vegetarian food mode by me.","Xià cì yǒu jīhuì，qǐng nǐmen chī wǒ zuò de Yuènán sùshí.","下次有機會，請你們吃我做的越南素食。"
"2","12","2428B2L12P1S25.mp3","我也可以做一些青菜沙拉請大家吃。","I can make a vegetable salad for everybody.","Wǒ yě kěyǐ zuò yìxiē qīngcài shālā qǐng dàjiā chī.","我也可以做一些青菜沙拉請大家吃。"
"2","12","2429B2L12P1S26.mp3","真的？太好了，我希望多吃素，瘦一點，讓自己更健康。","Really? That would be great. I want to eat more vegetarian food, lose some weight, and be healthier.","Zhēnde？ Tài hǎo le，wǒ xīwàng duō chīsù，shòu yìdiǎn，ràng zìjǐ gèng jiànkāng.","真的？太好了，我希望多吃素，瘦一點，讓自己更健康。"
"2","12","2430B2L12P1S27.mp3","快一點吃吧！我跟月美等一下還要準備下午的考試。","Hurry up and eat. In a bit, Yuemei and I have an exam to prepare for this afternoon.","Kuài yìdiǎn chī ba！ Wǒ gēn Yuèměi děng yíxià hái yào zhǔnbèi xiàwǔ de kǎoshì.","快一點吃吧！我跟月美等一下還要準備下午的考試。"
"2","12","2431B2L12P2S1.mp3","白如玉、馬丁和陳月美一起到一家素食餐廳吃午餐，","Bai Ruyu, Martin, and Chen Yuemei had lunch at a vegetarian restaurant.","Bái Rúyù，Mǎdīng hàn Chén Yuèměi yìqǐ dào yì jiā sùshí cāntīng chī wǔcān，","白如玉、馬丁和陳月美一起到一家素食餐廳吃午餐，"
"2","12","2432B2L12P2S2.mp3","他們聊起吃素的經驗。","They talked about their experiences with eating vegetarian food.","tāmen liáo qǐ chīsù de jīngyàn.","他們聊起吃素的經驗。"
"2","12","2433B2L12P2S3.mp3","他們注意到只要在學校附近就找得到素食餐廳，","They noticed that near schools, you can always find vegetarian restaurants.","Tāmen zhùyì dào zhǐyào zài xuéxiào fùjìn jiù zhǎo de dào sùshí cāntīng，","他們注意到只要在學校附近就找得到素食餐廳，"
"2","12","2434B2L12P2S4.mp3","他們也覺得很多台灣人都不討厭吃素，但是不一定餐餐都吃素；","They think that Taiwanese like to eat vegetarian food, but don't necessarily have it every meal.","tāmen yě juéde hěnduō Táiwān rén dōu bù tǎoyàn chīsù，dànshì bù yídìng cān cān dōu chīsù;","他們也覺得很多台灣人都不討厭吃素，但是不一定餐餐都吃素；"
"2","12","2435B2L12P2S5.mp3","還有，很多台灣人吃素是因為宗教的關係。","Also, many Taiwanese eat vegetarian food because of religious reasons.","hái yǒu，hěnduō Táiwān rén chīsù shì yīnwèi zōngjiào de guānxì.","還有，很多台灣人吃素是因為宗教的關係。"
"2","12","2436B2L12P2S6.mp3","白如玉說她吃素跟宗教沒有關係，只是覺得吃太多肉容易變胖。","Bai Ruyu said her eating vegetarian food has nothing to do with religion. She just thinks that eating too much meat makes you fat.","Bái Rúyù shuō tā chīsù gēn zōngjiào méi yǒuguānxi，zhǐshì juéde chī tài duō ròu róngyì biàn pàng.","白如玉說她吃素跟宗教沒有關係，只是覺得吃太多肉容易變胖。"
"2","12","2437B2L12P2S7.mp3","她建議馬丁應該少吃一點漢堡、薯條什麼的，","She suggested that Martin eat fewer things like hamburgers and fries,","Tā jiànyì Mǎdīng yīnggāi shǎo chī yìdiǎn hànbǎo，shǔtiáo shénmede，","她建議馬丁應該少吃一點漢堡、薯條什麼的，"
"2","12","2438B2L12P2S8.mp3","多吃青菜，可以讓身體更健康。","and more greens, as that is much healthier.","duō chī qīngcài，kěyǐ ràng shēntǐ gèng jiànkāng.","多吃青菜，可以讓身體更健康。"
"2","12","2439B2L12P2S9.mp3","陳月美也同意，最好不要常吃炸的、烤的食物，","Chen Yuemei agreed with Ruyu, saying that it is best not to eat deep fried or grilled food too often.","Chén Yuèměi yě tóngyì，zuì hǎo bú yào cháng chī zhá de，kǎo de shíwù，","陳月美也同意，最好不要常吃炸的、烤的食物，"
"2","12","2440B2L12P2S10.mp3","菜的作法越簡單越好，煮的或是蒸的東西，都不太油膩。","The simpler the method used to make a dish, the healthier it is. Things that are boiled or steamed aren't too oily.","cài de zuòfǎ yuè jiǎndān yuè hǎo，zhǔ de huò shì zhēng de dōngxi，dōu bú tài yóunì.","菜的作法越簡單越好，煮的或是蒸的東西，都不太油膩。"
"2","12","2441B2L12P2S11.mp3","陳月美還說，在她家附近有一家賣有機食品的店，","Chen Yuemei added that there is a store that sells organic food near her house.","Chén Yuèměi hái shuō，zài tā jiā fùjìn yǒu yì jiā mài yǒujī shípǐn de diàn，","陳月美還說，在她家附近有一家賣有機食品的店，"
"2","12","2442B2L12P2S12.mp3","天天都有很多人去買他們的食品，好像人人都很注意身體健康。","Every day, a lot of people go there to buy food. It seems like people are watching out for their health.","tiāntiān dōu yǒu hěnduō rén qù mǎi tāmen de shípǐn，hǎoxiàng rénrén dōu hěn zhùyì shēntǐ jiànkāng.","天天都有很多人去買他們的食品，好像人人都很注意身體健康。"
"2","12","2443B2L12P2S13.mp3","他們覺得，這大概是因為地球的環境汙染越來越嚴重，","They feel that this is probably because world environmental pollution is increasing seriously","Tāmen juéde，zhè dàgài shì yīnwèi dìqiú de huánjìng wūrǎn yuè lái yuè yánzhòng，","他們覺得，這大概是因為地球的環境汙染越來越嚴重，"
"2","12","2444B2L12P2S14.mp3","不少人吃了有問題的食物就生病了，","and many people are getting sick from the problem food, i.e., food with problems, they eat,","bù shǎo rén chī le yǒu wèntí de shíwù jiù shēngbìng le，","不少人吃了有問題的食物就生病了，"
"2","12","2445B2L12P2S15.mp3","所以才慢慢開始注意食品的衛生和營養問題。","so they are slowly beginning to pay attention to the issues of food hygiene and nutrition.","suǒyǐ cái mànmàn kāishǐ zhùyì shípǐn de wèishēng hàn yíngyǎng wèntí.","所以才慢慢開始注意食品的衛生和營養問題。"
"2","12","2446B2L12P2S16.mp3","馬丁聽了以後說，","After hearing this, Martin said","Mǎdīng tīng le yǐhòu shuō，","馬丁聽了以後說，"
"2","12","2447B2L12P2S17.mp3","他可以趁在台灣的機會，多吃吃素食，讓自己瘦下來。","he could take advantage of the opportunity ob being in Taiwan, i.e., of his time in Taiwan, to eat more vegetarian food to lose weight.","tā kěyǐ chèn zài Táiwān de jīhuì，duō chīchī sùshí，ràng zìjǐ shòu xiàlái.","他可以趁在台灣的機會，多吃吃素食，讓自己瘦下來。"
"2","13","2448B2L13P1S1.mp3","怎麼了？在找什麼？","What is it? What are you looking for?","zěnme le？ zài zhǎo shénme？","怎麼了？在找什麼？"
"2","13","2449B2L13P1S2.mp3","找我的手機，我怎麼找都找不到。","I am looking for my cell phone. I can't find it anywhere.","Zhǎo wǒ de shǒujī，wǒ zěnme zhǎo dōu zhǎo bú dào.","找我的手機，我怎麼找都找不到。"
"2","13","2450B2L13P1S3.mp3","我早上還看到你在餐廳低頭玩手機，你是不是在餐廳掉的？","I saw you this morning in the restaurant with your head down playing on it. Did you lose it there?","Wǒ zǎoshàng hái kàn dào nǐ zài cāntīng dītóu wán shǒujī，nǐ shì bú shì zài cāntīng diào de？","我早上還看到你在餐廳低頭玩手機，你是不是在餐廳掉的？"
"2","13","2451B2L13P1S4.mp3","不是，我離開餐廳後，還給義大利朋友傳過簡訊。","No. After I left the restaurant, I texted my Italian friend.","Búshì，wǒ líkāi cāntīng hòu，hái gěi Yìdàlì péngyǒu chuán guò jiǎnxùn.","不是，我離開餐廳後，還給義大利朋友傳過簡訊。"
"2","13","2452B2L13P1S5.mp3","是不是被誰拿走了？","Maybe someone took it, i.e., walked off with it.","Shì bú shì bèi shéi ná zǒu le？","是不是被誰拿走了？"
"2","13","2453B2L13P1S6.mp3","要是有人撿到了，看見你的手機那麼新，功能又好，","If someone picked it up and noticed that your phone is so new, i.e., how new your phone is, and has lot of functions,","yàoshì yǒurén jiǎn dào le，kànjiàn nǐ de shǒujī nàme xīn，gōngnéng yòu hǎo，","要是有人撿到了，看見你的手機那麼新，功能又好，"
"2","13","2454B2L13P1S7.mp3","就留下自己用了。","he might keep it and use it himself.","jiù liú xià zìjǐ yòng le.","就留下自己用了。"
"2","13","2455B2L13P1S8.mp3","我就怕是這樣，這已經是我掉的第三支手機了。","That is what I'm afraid of. This is already the third cell phone I've lost.","Wǒ jiù pà shì zhèyàng，zhè yǐjīng shì wǒ diào de dì sān zhī shǒujī le.","我就怕是這樣，這已經是我掉的第三支手機了。"
"2","13","2456B2L13P1S9.mp3","你的手機是你女朋友送的禮物？這樣會讓她生氣吧！","Your phone was a gift from your girlfriend, wasn't it? I gather this will make her angry.","Nǐ de shǒujī shì nǐ nǚpéngyǒu sòng de lǐwù？ Zhèyàng huì ràng tā shēngqì ba！","你的手機是你女朋友送的禮物？這樣會讓她生氣吧！"
"2","13","2457B2L13P1S10.mp3","是啊！她還叫我別再掉手機了。要是被她知道了，一定會罵我的。","Yeah. She even told me not to lose any more cell phones. If she finds out, she'll be sure to scold me.","Shì a！ Tā hái jiào wǒ bié zài diào shǒujī le. Yàoshì bèi tā zhīdào le，yídìng huì mà wǒ de.","是啊！她還叫我別再掉手機了。要是被她知道了，一定會罵我的。"
"2","13","2458B2L13P1S11.mp3","你是什麼時候發現手機不見的？","When did you discover the cell phone was gone?","Nǐ shì shénme shíhòu fāxiàn shǒujī bújiàn de？","你是什麼時候發現手機不見的？"
"2","13","2459B2L13P1S12.mp3","我剛剛想上網，才發現不見的。","I was thinking about going online just now and noticed it gone. (i.e., I didn't discover it was gone until I wanted to go online just now.)","Wǒ gānggāng xiǎng shàngwǎng，cái fāxiàn bújiàn de.","我剛剛想上網，才發現不見的。"
"2","13","2460B2L13P1S13.mp3","你傳完簡訊後，還去了什麼地方？","After you sent the text message, where else did you go?","Nǐ chuán wán jiǎnxùn hòu，hái qù le shénme dìfāng？","你傳完簡訊後，還去了什麼地方？"
"2","13","2461B2L13P1S14.mp3","我先去健身房做運動，然後去圖書館做功課。","I went to the gym to workout, then I went to the library to do my homework.","Wǒ xiān qù jiànshēnfáng zuò yùndòng，ránhòu qù túshūguǎn zuò gōngkè.","我先去健身房做運動，然後去圖書館做功課。"
"2","13","2462B2L13P1S15.mp3","你去圖書館找過了嗎？","Did you look in the library?","Nǐ qù túshūguǎn zhǎo guò le ma？","你去圖書館找過了嗎？"
"2","13","2463B2L13P1S16.mp3","到處都找過了，還是找不到。怎麼辦？","I've looked everywhere, but I can't find it. What am I going to do?","Dàochù dōu zhǎo guò le，hái shì zhǎo bú dào. Zěnme bàn？","到處都找過了，還是找不到。怎麼辦？"
"2","13","2464B2L13P1S17.mp3","我女朋友不會讓我再買新手機的。","My girlfriend won't let me buy a new cell phone.","Wǒ nǚpéngyǒu bú huì ràng wǒ zài mǎi xīn shǒujī de.","我女朋友不會讓我再買新手機的。"
"2","13","2465B2L13P1S18.mp3","那健身房呢？","And the gym?","Nà jiànshēnfáng ne？","那健身房呢？"
"2","13","2466B2L13P1S19.mp3","我在健身房沒用手機。啊！我想起來了！","I didn't use the phone in the gym. Ah! I remember!","Wǒ zài jiànshēnfáng méi yòng shǒujī. A！ Wǒ xiǎng qǐlái le！","我在健身房沒用手機。啊！我想起來了！"
"2","13","2467B2L13P1S20.mp3","想起來啦？放在什麼地方了？","You remember? Where did you leave it?","Xiǎng qǐlái la？ fàng zài shénme dìfāng le？","想起來啦？放在什麼地方了？"
"2","13","2468B2L13P1S21.mp3","剛剛我在查回國的班機資料，正要訂位的時候，手機沒電了。","Earlier, I was looking up information on flights home, and when I was about to make a reservation, my cell phone was out of power.","Gānggāng wǒ zài chá huíguó de bānjī zīliào，zhèngyào dìngwèi de shíhòu，shǒujī méi diàn le.","剛剛我在查回國的班機資料，正要訂位的時候，手機沒電了。"
"2","13","2469B2L13P1S22.mp3","所以我去健身房的時候，放在那裡充電。","So when I went to the gym I left it there charging.","suǒyǐ wǒ qù jiànshēnfáng de shíhòu，fàng zài nàlǐ chōngdiàn.","所以我去健身房的時候，放在那裡充電。"
"2","13","2470B2L13P1S23.mp3","你怎麼這麼糊塗，趕快回去拿吧！","How can you be so muddle-headed? Hurry up and go back to get it!","Nǐ zěnme zhème hútú，gǎnkuài huíqù ná ba！","你怎麼這麼糊塗，趕快回去拿吧！"
"2","13","2471B2L13P1S24.mp3","那我先走了！妳別告訴我女朋友喔！","Okay, I'm off! Don't tell my girlfriend!","Nà wǒ xiān zǒu le！ Nǐ bié gàosù wǒ nǚpéngyǒu ō！","那我先走了！妳別告訴我女朋友喔！"
"2","13","2472B2L13P2S1.mp3","現代人的生活已經離不開網路了，","Modern day people cannot do without the internet. ","Xiàndài rén de shēnghuó yǐjīng lì bù kāi wǎnglù le，","現代人的生活已經離不開網路了，"
"2","13","2473B2L13P2S2.mp3","生活裡有很多事，比方說買東西、查資料、下載音樂，只要上網，就能做到。","There are many things in life, for example, buying things, looking up information, and downloading music, that we are able to do if we go online.","shēnghuó li yǒu hěnduō shì，bǐfāng shuō mǎi dōngxi，chá zīliào，xiàzài yīnyuè，zhǐyào shàngwǎng，jiù néng zuòdào.","生活裡有很多事，比方說買東西、查資料、下載音樂，只要上網，就能做到。"
"2","13","2474B2L13P2S3.mp3","住在不同國家的人，也能天天用網路聊天。","People living in different countries can talk to each other every day using the internet.","Zhù zài bùtóng guójiā de rén，yě néng tiāntiān yòng wǎnglù liáotiān.","住在不同國家的人，也能天天用網路聊天。"
"2","13","2475B2L13P2S4.mp3","要是哪裡發生了事情，這些消息，都能透過網路，","If something happens anywhere, the news can be sent immediately everywhere in the world through the internet,","Yàoshì nǎlǐ fā shēng le shìqíng，zhèxiē xiāoxí，dōu néng tòuguò wǎnglù，","要是哪裡發生了事情，這些消息，都能透過網路，"
"2","13","2476B2L13P2S5.mp3","馬上傳到世界每一個地方，讓大家知道第一手資料。","allowing everyone to know the information first hand.","mǎshàng chuán dào shìjiè měi yí ge dìfāng，ràng dàjiā zhīdào dìyīshǒu zīliào.","馬上傳到世界每一個地方，讓大家知道第一手資料。"
"2","13","2477B2L13P2S6.mp3","網路替我們節省了時間，還把世界變小了。","The internet saves us time and has made the world smaller.","Wǎnglù tì wǒmen jiéshěng le shíjiān，hái bǎ shìjiè biàn xiǎo le.","網路替我們節省了時間，還把世界變小了。"
"2","13","2478B2L13P2S7.mp3","雖然網路讓我們的生活變得更便利，但是也有一些問題。","Although the internet makes our lives more convenient, there are some problems.","Suīrán wǎnglù ràng wǒmen de shēnghuó biàn de gèng biànlì，dànshì yě yǒu yìxiē wèntí.","雖然網路讓我們的生活變得更便利，但是也有一些問題。"
"2","13","2479B2L13P2S8.mp3","很多人每天早上才起床，就急著上網。","A lot of people are in a hurry to get online first thing after they get up every morning,","Hěnduō rén měitiān zǎoshàng cái qǐchuáng，jiù jízhe shàngwǎng.","很多人每天早上才起床，就急著上網。"
"2","13","2480B2L13P2S9.mp3","每五分鐘就要檢查一次郵件，一有新消息、新照片就立刻上傳。","want to check their email once every five minutes, and as they have the latest news and new photos, they post them online right away.","Měi wǔ fēnzhōng jiù yào jiǎnchá yí cì yóujiàn，yì yǒu xīn xiāoxí，xīn zhàopiàn jiù lìkè shàngchuán.","每五分鐘就要檢查一次郵件，一有新消息、新照片就立刻上傳。"
"2","13","2481B2L13P2S10.mp3","他們什麼時候都在上網，好像只有睡覺的時候，才離開網路。","They are online all the time. It seems that only when they are asleep do they get off the internet.","Tāmen shénme shíhòu dōu zài shàngwǎng，hǎoxiàng zhǐyǒu shuìjiào de shíhòu，cái líkāi wǎnglù.","他們什麼時候都在上網，好像只有睡覺的時候，才離開網路。"
"2","13","2482B2L13P2S11.mp3","在網路上花太多時間，讓很多人的生活變得不正常了。","Spending too much time online has made a lot of people's lives abnormal.","Zài wǎnglù shàng huā tài duō shíjiān，ràng hěnduō rén de shēnghuó biàn de bú zhèngcháng le.","在網路上花太多時間，讓很多人的生活變得不正常了。"
"2","13","2483B2L13P2S12.mp3","網路太方便了，","The internet is too convenient.","Wǎnglù tài fāngbiàn le，","網路太方便了，"
"2","13","2484B2L13P2S13.mp3","讓大家已經習慣透過網路跟朋友打招呼、聊天、談事情，","People have become used to greeting, chatting with, and discussing things with their friends online,","ràng dàjiā yǐjīng xíguàn tòuguò wǎnglù gēn péngyǒu dǎ zhāohū，liáotiān，tán shìqíng，","讓大家已經習慣透過網路跟朋友打招呼、聊天、談事情，"
"2","13","2485B2L13P2S14.mp3","但是不想跟人面對面地說話，人跟人的關係好像越來越遠了。","but they don't want to talk face-to-face and relationships between people seem to be getting further and further apart.","dànshì bù xiǎng gēn rén miàn duì miàn de shuōhuà，rén gēn rén de guānxì hǎoxiàng yuè lái yuè yuǎn le.","但是不想跟人面對面地說話，人跟人的關係好像越來越遠了。"
"2","13","2486B2L13P2S15.mp3","我們應該想一想，怎麼好好地利用網路，才不會影響人跟人的關係。","We should think about how we can make goog use of the internet so that it doesn't influence relationships between people.","Wǒmen yīnggāi xiǎng yì xiǎng，zěnme hǎohǎo de lìyòng wǎnglù，cái bú huì yǐngxiǎng rén gēn rén de guānxì.","我們應該想一想，怎麼好好地利用網路，才不會影響人跟人的關係。"
"2","14","2487B2L14P1S1.mp3","如玉，好久不見，跟我們一起坐吧。","Ruyu, long time no see. Go ahead and sit with us.","Rúyù，hǎojiǔ bújiàn，gēn wǒmen yìqǐ zuò ba.","如玉，好久不見，跟我們一起坐吧。"
"2","14","2488B2L14P1S2.mp3","好啊！妳們在聊什麼，聊得這麼高興？","OK. What are you chatting about so happily?","Hǎo a！ Nǐmen zài liáo shénme，liáo de zhème gāoxìng？","好啊！妳們在聊什麼，聊得這麼高興？"
"2","14","2489B2L14P1S3.mp3","這個學期結束，我就要離開台灣了，","When the semester ends, I'm leaving Taiwan.","Zhè ge xuéqí jiéshù，wǒ jiù yào líkāi Táiwān le，","這個學期結束，我就要離開台灣了，"
"2","14","2490B2L14P1S4.mp3","正在跟愛麗說我將來的計畫。","I am telling Aili my plans for the future.","zhèngzài gēn Àilì shuō wǒ jiānglái de jìhuà.","正在跟愛麗說我將來的計畫。"
"2","14","2491B2L14P1S5.mp3","時間過得好快啊！妳已經來了快一年半了。","Time passes quickly. You have already been here for almost a year and a half.","Shíjiān guò de hǎo kuài a！ Nǐ yǐjīng lái le kuài yì nián bàn le.","時間過得好快啊！妳已經來了快一年半了。"
"2","14","2492B2L14P1S6.mp3","對啊！在我回國以前，要開始找工作。","That's right. Before I go back to France, I have to start looking for work.","Duì a！ Zài wǒ huíguó yǐqián，yào kāishǐ zhǎo gōngzuò.","對啊！在我回國以前，要開始找工作。"
"2","14","2493B2L14P1S7.mp3","妳剛剛說到對一個工作有興趣，是什麼工作呢？","You just mentioned that you are interested in a job. What job is it?","Nǐ gānggāng shuō dào duì yí ge gōngzuò yǒu xìngqù，shì shénme gōngzuò ne？","妳剛剛說到對一個工作有興趣，是什麼工作呢？"
"2","14","2494B2L14P1S8.mp3","我以前念的高中正在徵求一位教中文的教師，我想試試看。","My former high school is looking for a Chinese instructor. I want to give it a try.","Wǒ yǐqián niàn de gāozhōng zhèngzài zhēngqiú yí wèi jiāo Zhōngwén de jiàoshī，wǒ xiǎng shìshìkàn.","我以前念的高中正在徵求一位教中文的教師，我想試試看。"
"2","14","2495B2L14P1S9.mp3","妳的中文學得不錯，我認為妳回去教中文應該沒問題。","Your Chinese is good. I think when you go back, you should have no problem teaching Chinese.","Nǐ de Zhōngwén xué de búcuò，wǒ rènwéi nǐ huíqù jiāo Zhōngwén yīnggāi méi wèntí.","妳的中文學得不錯，我認為妳回去教中文應該沒問題。"
"2","14","2496B2L14P1S10.mp3","真的嗎？我也希望這樣。","Really? I hope so.","Zhēnde ma？ Wǒ yě xīwàng zhèyàng.","真的嗎？我也希望這樣。"
"2","14","2497B2L14P1S11.mp3","如玉，妳也快要離開了，有什麼打算呢？","Ruyu, you are also leaving Taiwan soon. Do you have any plans?","Rúyù，nǐ yě kuài yào líkāi le，yǒu shénme dǎsuàn ne？","如玉，妳也快要離開了，有什麼打算呢？"
"2","14","2498B2L14P1S12.mp3","我得先回美國把大學念完，","I have to go back to the States to finish my college studies.","Wǒ děi xiān huí Měiguó bǎ dàxué niàn wán，","我得先回美國把大學念完，"
"2","14","2499B2L14P1S13.mp3","等我畢業了，再到香港或是上海找工作。","After I graduate, I will then look for a job in Hongkong or Shanghai.","děng wǒ bìyè le，zài dào Xiānggǎng huò shì Shànghǎi zhǎo gōngzuò.","等我畢業了，再到香港或是上海找工作。"
"2","14","2500B2L14P1S14.mp3","妳怎麼會想到上海找工作呢？","How is it that you want to work in Shanghai?","Nǐ zěnme huì xiǎngdào Shànghǎi zhǎo gōngzuò ne？","妳怎麼會想到上海找工作呢？"
"2","14","2501B2L14P1S15.mp3","我聽幾位朋友說，這幾年上海發展得很快，","I've heard friends say that Shanghai has developed rapidly in the past few years","Wǒ tīng jǐ wèi péngyǒu shuō，zhè jǐ nián Shànghǎi fāzhǎn de hěn kuài，","我聽幾位朋友說，這幾年上海發展得很快，"
"2","14","2502B2L14P1S16.mp3","連外國人都很容易找到工作。","and it's easy even for foreigners to find work there.","lián wàiguó rén dōu hěn róngyì zhǎo dào gōngzuò.","連外國人都很容易找到工作。"
"2","14","2503B2L14P1S17.mp3","如果能找到美國分公司的工作，應該不錯。","If I could find a job at a branch office of a US company, that would be great.","rúguǒ néng zhǎo dào Měiguó fèn gōngsī de gōngzuò，yīnggāi búcuò.","如果能找到美國分公司的工作，應該不錯。"
"2","14","2504B2L14P1S18.mp3","這個想法不錯，","That's not a bad idea.","Zhè ge xiǎngfǎ búcuò，","這個想法不錯，"
"2","14","2505B2L14P1S19.mp3","不但可以繼續使用中文，而且可以了解那裡跟台灣有什麼不同。","Not only can you continue to use your Chinese, you can also find out how there (Shanghai) is different form Taiwan.","búdàn kěyǐ jìxù shǐyòng Zhōngwén，érqiě kěyǐ liǎojiě nàlǐ gēn Táiwān yǒu shénme bùtóng.","不但可以繼續使用中文，而且可以了解那裡跟台灣有什麼不同。"
"2","14","2506B2L14P1S20.mp3","真希望我的計畫都能實現。","I really hope all my plans materialize.","Zhēn xīwàng wǒ de jìhuà dōu néng shíxiàn.","真希望我的計畫都能實現。"
"2","14","2507B2L14P1S21.mp3","我才認識妳們幾個月，妳們就要回國了，真捨不得妳們。","I've only known you for a few months and you now are leaving. I'm reluctant to see you go.","Wǒ cái rènshì nǐmen jǐ ge yuè，nǐmen jiù yào huíguó le，zhēn shěbùde nǐmen.","我才認識妳們幾個月，妳們就要回國了，真捨不得妳們。"
"2","14","2508B2L14P1S22.mp3","妳可以到法國來找我，我一定會好好招待妳。","You can come visit me in France. I will definitely show you around.","Nǐ kěyǐ dào Fǎguó lái zhǎo wǒ，wǒ yídìng huì hǎohǎo zhāodài nǐ.","妳可以到法國來找我，我一定會好好招待妳。"
"2","14","2509B2L14P1S23.mp3","太好了！有機會我一定去找妳。","That would be great! If I have the opportunity, I will definitely go visit you.","Tài hǎo le！ Yǒu jīhuì wǒ yídìng qù zhǎo nǐ.","太好了！有機會我一定去找妳。"
"2","14","2510B2L14P1S24.mp3","愛麗，妳還要在台灣住多久？","Aili, how long will you continue to stay in Taiwan?","Àilì，nǐ hái yào zài Táiwān zhù duōjiǔ？","愛麗，妳還要在台灣住多久？"
"2","14","2511B2L14P1S25.mp3","我覺得還得再學半年中文，然後在這裡念研究所。","I think I need another six months of Chinese. Then I will go to grad school here.","Wǒ juéde hái děi zài xué bànnián Zhōngwén，ránhòu zài zhèlǐ niàn yánjiùsuǒ.","我覺得還得再學半年中文，然後在這裡念研究所。"
"2","14","2512B2L14P1S26.mp3","我們回國以前，大家再聚一聚吧！","Before we go home to our countries, let's go ahead and get together again.","Wǒmen huíguó yǐqián，dàjiā zài jù yí jù ba！","我們回國以前，大家再聚一聚吧！"
"2","14","2513B2L14P1S27.mp3","這個建議不錯，我們就這麼決定吧！","This is a good suggestion. Then it is decided.","Zhè ge jiànyì búcuò，wǒmen jiù zhème juédìng ba！","這個建議不錯，我們就這麼決定吧！"
"2","14","2514B2L14P2S1.mp3","白如玉從高中就開始學中文，","Bai Ruyu started learning Chinese when she was in high school.","Bái Rúyù cóng gāozhōng jiù kāishǐ xué Zhōngwén，","白如玉從高中就開始學中文，"
"2","14","2515B2L14P2S2.mp3","當時她覺得中文的聲調和漢字都好難，","At the time, she thought Chinese tones and characters were both very difficult.","dāngshí tā juéde Zhōngwén de shēngdiào hàn hànzì dōu hǎo nán，","當時她覺得中文的聲調和漢字都好難，"
"2","14","2516B2L14P2S3.mp3","練習了很久，發音才越來越準，字也寫得越來越好。","She practiced a long time before her pronunciation became more and more accurate and her characters became better and better.","liànxí le hěnjiǔ，fāyīn cái yuè lái yuè zhǔn，zì yě xiě de yuè lái yuè hǎo.","練習了很久，發音才越來越準，字也寫得越來越好。"
"2","14","2517B2L14P2S4.mp3","上了大學以後，如玉念了企業管理系。","After entering college, Ruyu studied in the business management department.","Shàng le dàxué yǐhòu，Rúyù niàn le qǐyè guǎnlǐ xì.","上了大學以後，如玉念了企業管理系。"
"2","14","2518B2L14P2S5.mp3","她認為中國經濟發展得很快，懂中文對找工作會有幫助。","She believes that with China's economy developing quickly, understanding Chinese will be helpful for finding a job.","Tā rènwéi Zhōngguó jīngjì fāzhǎn de hěn kuài，dǒng Zhōngwén duì zhǎo gōngzuò huì yǒu bāngzhù.","她認為中國經濟發展得很快，懂中文對找工作會有幫助。"
"2","14","2519B2L14P2S6.mp3","她打算畢業以後找一個跟中文有關的工作，才不會把中文忘了。","She plans to find a job related to Chinese after she graduates, so she won't forget her Chinese.","Tā dǎsuàn bìyè yǐhòu zhǎo yí ge gēn Zhōngwén yǒu guān de gōngzuò，cái bú huì bǎ Zhōngwén wàng le.","她打算畢業以後找一個跟中文有關的工作，才不會把中文忘了。"
"2","14","2520B2L14P2S7.mp3","高美玲本來是學語言學的，她對語法特別有興趣，","Gao Meiling originally studied linguistics in college and was especially interested in syntax,","Gāo Měilíng běnlái shì xué yǔyán xué de，tā duì yǔfǎ tèbié yǒu xìngqù，","高美玲本來是學語言學的，她對語法特別有興趣，"
"2","14","2521B2L14P2S8.mp3","常研究中文跟法文不同的地方。","frequently studying differences between French and Chinese.","cháng yánjiù Zhōngwén gēn Fǎwén bùtóng de dìfāng.","常研究中文跟法文不同的地方。"
"2","14","2522B2L14P2S9.mp3","美玲打算學好中文以後，回國教書，","After she finishes studying Chinese, Meiling plans to return to France to teach","Měilíng dǎsuàn xuéhǎo Zhōngwén yǐhòu，huíguó jiāoshū，","美玲打算學好中文以後，回國教書，"
"2","14","2523B2L14P2S10.mp3","把自己學中文的方法和經驗教給學生，","and share with her students her experience and methods in learning Chinese.","bǎ zìjǐ xué Zhōngwén de fāngfǎ hàn jīngyàn jiāo gěi xuéshēng，","把自己學中文的方法和經驗教給學生，"
"2","14","2524B2L14P2S11.mp3","這樣學生應該能學得更順利。","That way, her students should be able to learn the language more smoothly.","zhèyàng xuéshēng yīnggāi néng xué de gèng shùnlì.","這樣學生應該能學得更順利。"
"2","14","2525B2L14P2S12.mp3","她在台灣也發現了很多有意思的文化，","She also discovered many interesting cultures in Taiwan,","Tā zài Táiwān yě fāxiàn le hěnduō yǒuyìsi de wénhuà，","她在台灣也發現了很多有意思的文化，"
"2","14","2526B2L14P2S13.mp3","所以除了教語言，她也希望順便把台灣的文化介紹給學生。","so in addition to teaching Chinese, she also hopes to introduce her students to Taiwan's culture.","suǒyǐ chú le jiāo yǔyán，tā yě xīwàng shùnbiàn bǎ Táiwān de wénhuà jièshào gěi xuéshēng.","所以除了教語言，她也希望順便把台灣的文化介紹給學生。"
"2","14","2527B2L14P2S14.mp3","林愛麗是加拿大華僑，雖然在家跟父母說中文，可是不太會寫漢字。","Lin Aili is an overseas Chinese from Canada. Although she speaks Chinese at home with her parents, she couldn't write Chinese characters well.","Lín Àilì shì Jiānádà huáqiáo，suīrán zàijiā gēn fùmǔ shuō Zhōngwén，kěshì bú tài huì xiě hànzì.","林愛麗是加拿大華僑，雖然在家跟父母說中文，可是不太會寫漢字。"
"2","14","2528B2L14P2S15.mp3","她到台灣來的目的就是把中文學好。","Her goal for coming to Taiwan was to learn Chinese well.","Tā dào Táiwān lái de mùdì jiù shì bǎ Zhōngwén xué hǎo.","她到台灣來的目的就是把中文學好。"
"2","14","2529B2L14P2S16.mp3","林愛麗大學念的是國際關係，","Lin Aili studied international relations in college.","Lín Àilì dàxué niàn de shì guójì guānxì，","林愛麗大學念的是國際關係，"
"2","14","2530B2L14P2S17.mp3","她還沒決定將來要當翻譯，還是外交人員。","She hasn't decided whether she wants to be a translator or a diplomat in the future.","tā hái méi juédìng jiānglái yào dāng fānyì，hái shì wàijiāo rényuán.","她還沒決定將來要當翻譯，還是外交人員。"
"2","14","2531B2L14P2S18.mp3","為了充實自己的專業能力，她決定留在台灣念研究所。","In order to enhance her expertise, she has decided to stay in Taiwan to go to graduate school.","Wèi le chōngshí zìjǐ de zhuānyè nénglì，tā juédìng liú zài Táiwān niàn yánjiùsuǒ.","為了充實自己的專業能力，她決定留在台灣念研究所。"
"2","15","2532B2L15P1S1.mp3","陳伯伯、陳伯母，謝謝你們請我來吃年夜飯，她是林愛麗。","Mr. and Mrs. Chen, thank you for asking me over for New Year's Eve dinner.","Chén bóbo，Chén bómǔ，xièxie nǐmen qǐng wǒ lái chī niányèfàn，tā shì Lín Àilì.","陳伯伯、陳伯母，謝謝你們請我來吃年夜飯，她是林愛麗。"
"2","15","2533B2L15P1S2.mp3","陳伯伯、陳伯母好！不好意思，打擾你們了。","Hello, Mr. and Mrs. Chen. Sorry to trouble you.","Chén bóbo，Chén bómǔ hǎo！ Bùhǎo yìsi，dǎrǎo nǐmen le.","陳伯伯、陳伯母好！不好意思，打擾你們了。"
"2","15","2534B2L15P1S3.mp3","過年就是要熱熱鬧鬧的，人越多越有過年的氣氛。","The Lunar New Year is supposed to be bustling. The more people, the more Lunar New Year atmosphere there is.","guònián jiù shì yào rèrè nàonào de，rén yuè duō yuè yǒu guònián de qìfēn.","過年就是要熱熱鬧鬧的，人越多越有過年的氣氛。"
"2","15","2535B2L15P1S4.mp3","我們女兒在國外念書，不能回來跟我們一起吃年夜飯，","Our daughter is studying abroad and coudn't come back to have Lunar New Year's eve dinner with us.","Wǒmen nǚ'ér zài guówài niànshū，bùnéng huílái gēn wǒmen yìqǐ chī niányèfàn，","我們女兒在國外念書，不能回來跟我們一起吃年夜飯，"
"2","15","2536B2L15P1S5.mp3","還好你們來陪我們圍爐。","Fortunately, you two could come 'weilu' with us.","háihǎo nǐmen lái péi wǒmen wéilú.","還好你們來陪我們圍爐。"
"2","15","2537B2L15P1S6.mp3","「圍爐」是什麼意思？","What does 'weilu' mean?","「wéilú」shì shénme yìsi？","「圍爐」是什麼意思？"
"2","15","2538B2L15P1S7.mp3","「圍爐」就是除夕夜全家一起吃年夜飯。",'"Weilu' is having the entire family gathered for dinner on New Year's eve night.","「wéilú」 jiù shì chúxì yè quánjiā yìqǐ chī niányèfàn.","「圍爐」就是除夕夜全家一起吃年夜飯。"
"2","15","2539B2L15P1S8.mp3","我在加拿大的時候，每年過年都跟父母、親戚一起吃年夜飯。","When I am in Canada, every year, I have New Year's Eve dinner with my parents and relatives.","Wǒ zài Jiānádà de shíhòu，měinián guònián dōu gēn fùmǔ，qīnqī yìqǐ chī niányèfàn.","我在加拿大的時候，每年過年都跟父母、親戚一起吃年夜飯。"
"2","15","2540B2L15P1S9.mp3","吃了飯，一家人就開開心心地聊天，一直聊到半夜。","After dinner, we sit around chatting happily until the middle of the night.","chī le fàn，yì jiārén jiù kāikāi xīnxīn de liáotiān，yìzhí liáo dào bànyè.","吃了飯，一家人就開開心心地聊天，一直聊到半夜。"
"2","15","2541B2L15P1S10.mp3","有那麼多事能聊啊！","You have that many things to talk about?","Yǒu nàme duō shì néng liáo a！","有那麼多事能聊啊！"
"2","15","2542B2L15P1S11.mp3","很多人在離家很遠的地方工作、念書，不能常跟家人見面。","A lot of people work or go to school far away form home and can't see their families that often.","Hěnduō rén zài lí jiā hěn yuǎn de dìfāng gōngzuò，niànshū，bùnéng cháng gēn jiārén jiànmiàn.","很多人在離家很遠的地方工作、念書，不能常跟家人見面。"
"2","15","2543B2L15P1S12.mp3","過年大家都回來了，當然有說不完的話。","Everybody comes back at Lunar New Year. Of course, they have a lot to talk about.","guònián dàjiā dōu huílái le，dāngrán yǒu shuō bù wán de huà.","過年大家都回來了，當然有說不完的話。"
"2","15","2544B2L15P1S13.mp3","對，現在我在台灣念書，","Right. Now, I'm studying in Taiwan.","Duì，xiànzài wǒ zài Táiwān niànshū，","對，現在我在台灣念書，"
"2","15","2545B2L15P1S14.mp3","每次我給爸爸、媽媽打電話，都要說好久。","Whenever I call my mom and dad, we talk for a long time.","měi cì wǒ gěi bàba，māma dǎ diànhuà，dōu yào shuō hǎojiǔ.","每次我給爸爸、媽媽打電話，都要說好久。"
"2","15","2546B2L15P1S15.mp3","那小孩子呢？一定會累得睡著了吧！","What about the children? They must get tired and fall asleep?","Nà xiǎo háizi ní？ Yídìng huì lèi de shuìzháo le ba！","那小孩子呢？一定會累得睡著了吧！"
"2","15","2547B2L15P1S16.mp3","有那麼多好吃的東西，還等著拿壓歲錢，怎麼睡得著？","There are so many delicious things to eat and they're waiting to get New Year's Eve money. How can they fall asleep?","Yǒu nàme duō hǎochī de dōngxi，hái děngzhe ná yāsuìqián，zěnme shuì de zháo？","有那麼多好吃的東西，還等著拿壓歲錢，怎麼睡得著？"
"2","15","2548B2L15P1S17.mp3","我覺得過年最開心的就是拿紅包了。","I think the happiest part of Lunar New Year is getting red envelopes.","Wǒ juéde guònián zuì kāixīn de jiù shì ná hóngbāo le.","我覺得過年最開心的就是拿紅包了。"
"2","15","2549B2L15P1S18.mp3","我知道，拿紅包以前，得先說「恭喜發財」。","I know that before getting a red envelope you have to say 'Gong xi fa cai'.","Wǒ zhīdào，ná hóngbāo yǐqián，děi xiān shuō 「gōngxǐ fācái」.","我知道，拿紅包以前，得先說「恭喜發財」。"
"2","15","2550B2L15P1S19.mp3","真不錯，這你也學會了。","Not bad. You've learned that too.","Zhēn búcuò，zhè nǐ yě xuéhuì le.","真不錯，這你也學會了。"
"2","15","2551B2L15P1S20.mp3","想起以前，我們孩子得一個一個跟爸爸、媽媽說吉祥話，","I remember before, one at a time, we kids used to have to say auspicious things to our parents","Xiǎngqǐ yǐqián，wǒmen háizi děi yí ge yí ge gēn bàba，māma shuō jíxiáng huà，","想起以前，我們孩子得一個一個跟爸爸、媽媽說吉祥話，"
"2","15","2552B2L15P1S21.mp3","才拿得到壓歲錢。","before we could get our New Year's Eve money, too.","cái ná de dào yāsuìqián.","才拿得到壓歲錢。"
"2","15","2553B2L15P1S22.mp3","吃了年夜飯，我們也給你們壓歲錢。","When we finish New Year's Eve dinner, we will be giving you New Year's Eve money, too.","Chī le niányèfàn，wǒmen yě gěi nǐmen yāsuìqián.","吃了年夜飯，我們也給你們壓歲錢。"
"2","15","2554B2L15P1S23.mp3","我們不是小孩了，也可以拿紅包嗎？","We are not children. Can we still get red envelopes?","Wǒmen búshì xiǎohái le，yě kěyǐ ná hóngbāo ma？","我們不是小孩了，也可以拿紅包嗎？"
"2","15","2555B2L15P1S24.mp3","當然可以！","Of course you can!","Dāngrán kěyǐ！","當然可以！"
"2","15","2556B2L15P1S25.mp3","你們的年紀跟我女兒差不多大，就像我們的孩子一樣。","You are about the same age as my daughter. You are just like our own children.","nǐmen de niánjì gēn wǒ nǚ'ér chābùduō dà，jiù xiàng wǒmen de háizi yíyàng.","你們的年紀跟我女兒差不多大，就像我們的孩子一樣。"
"2","15","2557B2L15P1S26.mp3","好了，菜都準備好了，我們一邊吃，一邊聊吧！","OK, the food is ready. We can eat while we chat.","Hǎo le，cài dōu zhǔnbèi hǎo le，wǒmen yì biān chī，yì biān liáo ba！","好了，菜都準備好了，我們一邊吃，一邊聊吧！"
"2","15","2558B2L15P2S1.mp3","春節就是中國新年，是華人一年裡最大的一個節日。","The Spring Festival, which is the Lunar New Year, is the biggest holiday of the year for the Chinese.","Chūnjié jiù shì Zhōngguó xīnnián，shì huárén yì nián lǐ zuìdà de yí ge jiérì.","春節就是中國新年，是華人一年裡最大的一個節日。"
"2","15","2559B2L15P2S2.mp3","過年前一個月大家就忙起來了，得把家裡打掃乾淨，","A month before the New Year, everybody starts getting busy. They have to clean their houses,","guònián qián yí ge yuè dàjiā jiù máng qǐlái le，děi bǎ jiālǐ dǎsǎo gānjìng，","過年前一個月大家就忙起來了，得把家裡打掃乾淨，"
"2","15","2560B2L15P2S3.mp3","也要準備過年的食物，還要給孩子買新衣服。","prepare food for the Lunar New Year, and shop for new clothes for their children.","yě yào zhǔnbèi guònián de shíwù，hái yào gěi háizi mǎi xīn yīfú.","也要準備過年的食物，還要給孩子買新衣服。"
"2","15","2561B2L15P2S4.mp3","另外，每家門口都要貼上春聯，才有過年的氣氛。","In addition, New Year's couplets are pasted at the entrance of every home, so there is a feeling of the new year.","Lìngwài，měi jiā ménkǒu dōu yào tiē shàng chūnlián，cái yǒu guònián de qìfēn.","另外，每家門口都要貼上春聯，才有過年的氣氛。"
"2","15","2562B2L15P2S5.mp3","春節前一天是除夕，","The day before the Spring Festival is Lunar New Year's Eve.","Chūnjié qián yìtiān shì chúxì，","春節前一天是除夕，"
"2","15","2563B2L15P2S6.mp3","大部分的人都比平常早回家，因為大家要吃年夜飯。","Most people return home earlier than usual, because they are going to have New Year's Eve dinner.","dàbùfèn de rén dōu bǐ píngcháng zǎo huí jiā，yīnwèi dàjiā yào chī niányèfàn.","大部分的人都比平常早回家，因為大家要吃年夜飯。"
"2","15","2564B2L15P2S7.mp3","過年的食物都有特別的意思，吃魚的意思是年年有餘(魚)；","Lunar New Year foods all have special meanings. Eating fish signifies 'abundance year to year',","Guònián de shíwù dōu yǒu tèbié de yìsi，chī yú de yìsi shì niánnián yǒuyú(yú);","過年的食物都有特別的意思，吃魚的意思是年年有餘(魚)；"
"2","15","2565B2L15P2S8.mp3","吃年糕是步步高(糕)升，希望大家工作、功課一年比一年好；","eating nian gao, i.e., New Year's cake, means to 'rise one step at at time', in hopes that, whether at work or schoolwork, everybody will continue to improve year after year,","chī niángāo shì bùbù gāo(gāo)shēng，xīwàng dàjiā gōngzuò，gōngkè yì nián bǐ yì nián hǎo;","吃年糕是步步高(糕)升，希望大家工作、功課一年比一年好；"
"2","15","2566B2L15P2S9.mp3","吃橘子是希望新的一年大吉大利。","and they eat tangerines in hopes of good luck throughout the new year.","chī júzi shì xīwàng xīn de yì nián dàjí dàlì.","吃橘子是希望新的一年大吉大利。"
"2","15","2567B2L15P2S10.mp3","吃了年夜飯，一家人就一起聊聊天、看看電視，","After New Year's Eve dinner, the family chats and watches TV together","Chī le niányèfàn，yì jiārén jiù yìqǐ liáoliáo tiān，kànkàn diànshì，","吃了年夜飯，一家人就一起聊聊天、看看電視，"
"2","15","2568B2L15P2S11.mp3","等新的一年開始，這叫守歲。","as they wait for the New Year to arrive. This is called 'shousui'.","děng xīn de yì nián kāishǐ，zhè jiào shǒusuì.","等新的一年開始，這叫守歲。"
"2","15","2569B2L15P2S12.mp3","傳統的說法是：除夕夜孩子越晚睡，父母就活得越久。","Tradition has it, that the longer children stay awake on New Year's Eve, the longer the parents' lives will be.","Chuántǒng de shuōfǎ shì: chúxì yè háizi yuè wǎn shuì，fùmǔ jiù huó de yuèjiǔ.","傳統的說法是：除夕夜孩子越晚睡，父母就活得越久。"
"2","15","2570B2L15P2S13.mp3","父母也會給孩子壓歲錢，希望他們新的一年都能平平安安的。","Parents give children New Year's Eve money in the hope that they have a peaceful and safe year.","Fùmǔ yě huì gěi háizi yāsuìqián，xīwàng tāmen xīn de yì nián dōu néng píngpíng'ān'ān de.","父母也會給孩子壓歲錢，希望他們新的一年都能平平安安的。"
"2","15","2571B2L15P2S14.mp3","過了十二點，很多人就到外面放鞭炮，慶祝新年。","After midnight, many people go outside to set off firecrackers to celebrate the new year.","guò le shí'èr diǎn，hěnduō rén jiù dào wàimiàn fàng biānpào，qìngzhù xīnnián.","過了十二點，很多人就到外面放鞭炮，慶祝新年。"
"2","15","2572B2L15P2S15.mp3","新年的第一天，也叫大年初一。","The first day of the New Year is also known as the first day of the Spring Festival.","Xīnnián de dì yī tiān，yě jiào dànián chūyī.","新年的第一天，也叫大年初一。"
"2","15","2573B2L15P2S16.mp3","大家會出門給親戚、朋友拜年，祝他們新年快樂。","People pay friends and family a New Year's visit to wish them a happy New Year.","Dàjiā huì chūmén gěi qīnqī，péngyǒu bàinián，zhù tāmen xīnnián kuàilè.","大家會出門給親戚、朋友拜年，祝他們新年快樂。"
"2","15","2574B2L15P2S17.mp3","到了大年初五，大部分的人都得上班，街上又熱鬧起來了。","By the fifth day of the Spring Festival, most people have to go back to work and the streets are teeming with people again.","Dào le dànián chūwǔ，dàbùfèn de rén dōu děi shàngbān，jiē shàng yòu rènào qǐlái le.","到了大年初五，大部分的人都得上班，街上又熱鬧起來了。"